hip,ra_deg,dec_deg,mag,spect
122,0.39924,-77.06572,4.78,K
145,0.45603,-3.02750,5.13,B
154,0.49008,-6.01407,4.37,M
183,0.58300,-29.72041,5.04,B
301,0.93495,-17.33599,4.55,B
355,1.12550,-10.50952,4.99,K
443,1.33392,-5.70762,4.61,K
677,2.09687,29.09043,2.07,B
746,2.29331,59.14978,2.28,F
761,2.33776,-27.98793,5.42,F
765,2.35254,-45.74743,3.88,K
814,2.50940,-82.22405,5.29,K
841,2.58018,46.07227,5.01,F
910,2.81608,-15.46798,4.89,F
930,2.89341,-27.79974,5.41,K
950,2.93328,-35.13312,5.24,F
983,3.04160,-17.93828,5.29,K
1067,3.30897,15.18360,2.83,B
1158,3.61512,-7.78053,5.13,M
1168,3.65067,20.20670,4.79,M
1170,3.66007,-18.93287,4.44,M
1366,4.27294,38.68164,4.61,A
1473,4.58195,36.78522,4.51,A
1562,4.85698,-8.82392,3.56,K
1599,5.01213,-64.87479,4.23,F
1645,5.14942,8.19027,5.38,K
1647,5.16267,-69.62491,5.50,B
1686,5.28026,37.96860,5.16,F
1708,5.37997,-28.98147,5.18,K
1960,6.19789,61.83106,5.38,B
2021,6.41874,-77.25425,2.82,G
2072,6.55074,-43.67983,3.93,A
2081,6.57084,-42.30598,2.40,K
2210,6.98208,-33.00717,4.86,M
2219,7.01212,17.89313,5.01,M
2225,7.05681,44.39445,5.18,A
2240,7.11041,-39.91500,5.42,M
2355,7.53067,29.75156,5.20,A
2381,7.59439,-23.78768,5.17,A
2472,7.85391,-48.80351,4.76,A
2484,7.88588,-62.95822,4.36,B
2487,7.88919,-62.96556,4.53,A
2505,7.94308,54.52229,4.74,B
2568,8.14784,20.29432,5.38,K
2578,8.18268,-63.03150,5.07,A
2599,8.24995,62.93178,4.17,B
2762,8.81199,-3.59285,5.20,F
2854,9.03459,54.16845,5.08,B
2900,9.19355,44.48859,5.14,K
2912,9.22020,33.71934,4.34,B
2920,9.24282,53.89691,3.69,B
2942,9.33842,35.39950,5.45,G
3031,9.63903,29.31175,4.34,G
3083,9.79122,49.35459,5.45,K
3092,9.83193,30.86102,3.27,K
3138,9.98154,21.43849,5.36,F
3179,10.12674,56.53733,2.24,K
3231,10.27995,39.45866,5.30,G
3245,10.33149,-46.08501,4.59,G
3300,10.51621,50.51253,4.80,B
3330,10.61803,-65.46803,5.38,F
3405,10.83850,-57.46306,4.36,A
3414,10.86699,47.02455,4.95,A
3419,10.89735,-17.98661,2.04,K
3455,11.04750,-10.60955,4.77,K
3504,11.18130,48.28436,4.48,B
3505,11.18499,-22.00614,5.22,F
3544,11.32161,55.22140,5.41,A
3607,11.54894,-22.52210,5.49,G
3632,11.63733,15.47550,5.36,M
3693,11.83472,24.26718,4.08,K
3721,11.94178,74.84757,5.42,B
3781,12.14665,-74.92344,5.09,K
3786,12.17060,7.58508,4.44,K
3801,12.20838,50.96817,4.90,B
3810,12.24462,16.94064,5.07,F
3821,12.27390,57.81519,3.46,G
3881,12.45351,41.07891,4.53,B
3909,12.53165,-10.64433,5.17,F
3949,12.67152,-50.98682,5.24,F
3951,12.68163,64.24755,5.35,A
4104,13.16927,-24.00584,5.47,K
4147,13.25206,-1.14426,4.78,M
4151,13.26767,61.12397,4.80,F
4288,13.74209,23.62833,5.46,K
4292,13.75072,58.97270,4.83,K
4293,13.75127,-69.52708,5.45,G
4371,14.00620,-11.26653,5.35,K
4422,14.16648,59.18106,4.62,G
4427,14.17714,60.71674,2.15,B
4436,14.18827,38.49934,3.86,A
4463,14.30167,23.41765,4.40,G
4510,14.45896,28.99222,5.44,G
4577,14.65149,-29.35745,4.30,B
4852,15.61011,-31.55201,5.50,A
4889,15.70457,31.80426,5.50,B
4890,15.70495,-46.39731,5.39,G
4906,15.73587,7.89013,4.27,K
4914,15.76057,-4.83660,5.40,K
5131,16.42063,21.47318,5.33,A
5165,16.52110,-46.71841,3.32,G
5268,16.82757,-61.77529,5.36,G
5300,16.94936,-41.48692,5.21,A
5317,17.00339,43.94209,5.04,A
5336,17.06216,54.92034,5.17,G
5348,17.09613,-55.24576,3.94,B
5364,17.14746,-10.18226,3.46,K
5372,17.18419,86.25709,4.24,K
5434,17.37552,47.24179,4.26,B
5447,17.43291,35.62056,2.07,M
5518,17.66368,68.77862,5.32,A
5542,17.77526,55.14990,4.34,A
5544,17.77820,31.42474,5.15,F
5571,17.86341,21.03465,4.66,K
5586,17.91513,30.08964,4.51,K
5737,18.43285,7.57535,5.21,A
5742,18.43728,24.58371,4.67,K
5799,18.60017,-7.92283,5.14,F
5862,18.79565,-45.53166,4.97,F
5896,18.94056,-68.87593,4.25,F
5951,19.15121,-2.50037,5.42,G
6061,19.44981,3.61447,5.13,A
6193,19.86665,27.26406,4.74,A
6242,20.02049,58.23161,4.95,F
6315,20.28071,28.73821,5.23,K
6411,20.58505,45.52878,4.87,K
6537,21.00585,-8.18326,3.60,K
6592,21.16994,-41.49255,5.42,K
6670,21.40514,-14.59880,4.90,K
6686,21.45324,60.23528,2.66,A
6692,21.48312,68.13001,4.72,K
6706,21.56359,19.17235,5.35,F
6732,21.67365,19.24042,5.50,K
6813,21.91372,45.40669,4.83,F
6867,22.09138,-43.31823,3.41,K
6960,22.40055,-21.62934,5.11,A
6999,22.52542,47.00727,5.27,K
7007,22.54631,6.14382,4.84,K
7083,22.81276,-49.07270,3.93,K
7097,22.87088,15.34582,3.62,G
7213,23.23354,-36.86523,5.49,K
7294,23.48292,59.23204,4.68,K
7450,23.99569,-15.40018,5.41,K
7513,24.19948,41.40546,4.10,F
7588,24.42834,-57.23676,0.45,B
7607,24.49808,48.62821,3.59,K
7650,24.62889,73.04004,5.28,G
7719,24.83752,44.38616,5.01,G
7818,25.14505,40.57705,4.96,B
7884,25.35789,5.48761,4.45,K
7918,25.44574,42.61337,4.96,G
7955,25.53583,-32.32697,5.25,K
7981,25.62405,20.26850,5.24,K
7999,25.68129,-3.69020,4.98,K
8016,25.73240,70.62253,5.18,B
8068,25.91512,50.68873,4.01,B
8102,26.01719,-15.93748,3.49,G
8198,26.34846,9.15774,4.26,K
8209,26.41145,-25.05261,5.29,F
8230,26.49692,-5.73330,5.37,K
8240,26.52480,-50.81626,5.49,M
8241,26.52588,-53.52204,5.04,A
8497,27.39627,-10.68641,4.66,F
8645,27.86514,-10.33504,3.74,K
8796,28.27044,29.57883,3.42,F
8814,28.32228,40.72979,5.42,K
8832,28.38255,19.29385,3.88,A
8833,28.38896,3.18754,4.61,K
8837,28.41153,-46.30267,4.39,M
8882,28.59183,-42.49695,5.12,A
8886,28.59876,63.67010,3.35,B
8903,28.66002,20.80804,2.64,A
8928,28.73358,-67.64730,4.68,G
9007,28.98846,-51.60890,3.69,G
9009,29.00005,68.68524,4.97,B
9061,29.16748,-22.52679,4.92,K
9095,29.29188,-47.38528,4.82,G
9110,29.33772,17.81753,5.09,K
9153,29.48217,23.59606,4.79,F
9236,29.69177,-61.56986,2.86,F
9312,29.90838,64.62160,5.29,A
9326,29.94249,-20.82454,5.43,M
9347,30.00126,-21.07783,3.99,K
9372,30.11177,-8.52387,5.43,M
9440,30.31139,-30.00183,5.34,G
9459,30.42660,-44.71351,5.15,K
9480,30.48966,70.90702,4.49,A
9487,30.51176,2.76376,3.82,A
9505,30.57538,54.48754,4.99,B
9570,30.74150,33.28413,5.50,A
9589,30.79854,0.12851,5.42,A
9598,30.85902,72.42129,3.95,A
9640,30.97476,42.32973,2.10,B
9677,31.12266,-29.29682,4.68,B
9727,31.27972,77.28134,5.27,F
9763,31.38154,76.11506,5.22,G
9836,31.64135,22.64832,5.03,A
9884,31.79333,23.46242,2.01,K
9977,32.12181,37.85908,4.78,A
10053,32.35554,25.93989,4.98,F
10064,32.38587,34.98730,3.00,A
10280,33.09287,30.30307,4.94,F
10306,33.20032,21.21099,5.23,F
10320,33.22695,-30.72383,5.27,A
10324,33.24997,8.84672,4.36,G
10340,33.30553,44.23165,4.84,K
10366,33.40092,51.06582,5.31,G
10559,33.98452,33.35889,5.25,A
10602,34.12731,-51.51217,3.56,B
10644,34.26286,34.22423,4.84,G
10670,34.32859,33.84719,4.03,A
10793,34.73747,28.64267,5.29,A
10819,34.82006,47.37997,5.31,A
10826,34.83663,-2.97764,6.47,M
11001,35.43747,-68.65942,4.08,A
11021,35.48595,0.39567,5.29,M
11029,35.50638,-10.77753,5.43,F
11046,35.55165,-0.88485,5.42,F
11060,35.58931,55.84565,5.16,A
11072,35.63556,-23.81633,5.19,G
11220,36.10378,50.00655,5.19,G
11249,36.20441,10.61056,5.48,B
11258,36.22481,-60.31195,5.36,F
11313,36.40590,50.27863,4.73,K
11345,36.48751,-12.29048,4.88,A
11407,36.74632,-47.70384,4.24,B
11477,37.00708,-33.81104,5.13,A
11484,37.03975,8.46005,4.30,B
11486,37.04158,29.66933,5.29,F
11569,37.26655,67.40247,4.46,A
11738,37.87541,2.26718,5.27,K
11757,37.91751,-79.10938,5.27,G
11767,37.94625,89.26411,1.97,F
11783,38.02179,-15.24468,4.74,F
11784,38.02568,36.14727,5.15,K
11791,38.03925,-1.03490,5.36,G
11918,38.46128,-28.23234,4.96,B
12086,38.94504,34.68756,5.38,M
12093,38.96863,5.59325,4.87,G
12225,39.35138,-52.54309,5.30,A
12273,39.50863,72.81825,5.17,G
12332,39.70414,21.96141,5.45,A
12387,39.87066,0.32851,4.08,B
12390,39.89097,-11.87216,4.83,F
12394,39.89699,-68.26695,4.12,B
12413,39.94989,-42.89167,4.74,A
12484,40.16499,-54.54991,5.21,F
12486,40.16671,-39.85538,4.11,K
12489,40.17113,27.06094,5.30,A
12623,40.56216,40.19394,4.91,F
12653,40.63897,-50.80029,5.40,G
12706,40.82517,3.23582,3.47,A
12719,40.86297,27.70715,4.65,B
12768,41.02149,44.29704,5.43,G
12770,41.03063,-13.85870,4.24,B
12777,41.04951,49.22845,4.10,F
12828,41.23559,10.11415,4.27,F
12832,41.23992,12.44576,5.17,A
12843,41.27573,-18.57256,4.47,F
12876,41.38572,-67.61662,4.83,A
13061,41.97720,29.24712,4.52,K
13141,42.25593,-62.80652,5.25,A
13147,42.27254,-32.40590,4.45,G
13165,42.32316,17.46431,5.26,B
13202,42.47574,-27.94198,5.39,A
13209,42.49594,27.26051,3.61,B
13244,42.61883,-75.06695,4.76,K
13254,42.64594,38.31864,4.22,F
13265,42.66835,-35.67585,5.48,K
13268,42.67417,55.89550,3.77,K
13288,42.75968,-21.00402,4.76,K
13328,42.87849,35.05974,4.56,K
13490,43.42752,38.33749,5.34,F
13531,43.56442,52.76248,3.93,G
13701,44.10687,-8.89814,3.89,K
13717,44.15593,-3.71232,5.16,A
13775,44.32201,31.93422,5.10,B
13782,44.34900,-23.86216,5.44,A
13847,44.56535,-40.30467,2.88,A
13874,44.67533,-2.78288,5.22,A
13879,44.69028,39.66273,4.68,A
13884,44.69908,-64.07128,4.98,A
13905,44.76534,35.18313,4.94,K
13914,44.80302,21.34043,4.63,A
13954,44.92875,8.90737,4.71,B
13965,44.95746,47.22069,5.47,G
14043,45.21751,52.35174,5.24,B
14135,45.56988,4.08973,2.54,M
14146,45.59795,-23.62447,4.08,A
14168,45.67614,-7.68547,5.32,K
14240,45.90358,-59.73777,5.12,F
14293,46.06881,-7.60086,5.26,A
14328,46.19913,53.50644,2.91,G
14354,46.29405,38.84027,3.32,M
14376,46.36120,25.25517,5.45,B
14382,46.38507,56.70572,4.77,K
14417,46.53304,79.41854,5.49,F
14456,46.63955,-6.08856,5.23,M
14576,47.04222,40.95565,2.09,B
14632,47.26508,49.61328,4.05,G
14668,47.37387,44.85754,3.79,K
14817,47.82244,39.61158,4.61,K
14838,47.90733,19.72668,4.35,K
14862,47.98436,74.39366,4.85,A
14879,48.01873,-28.98762,3.80,F
14954,48.19349,-1.19610,5.07,F
15110,48.72540,21.04444,4.87,A
15197,48.95844,-8.81973,4.80,A
15219,49.05085,50.93766,5.04,G
15338,49.44728,44.02502,5.49,B
15371,49.54964,-62.50636,5.24,G
15382,49.59210,-22.51112,4.86,K
15404,49.65723,50.22217,5.16,B
15416,49.68261,34.22265,4.85,K
15444,49.78180,50.09497,5.05,B
15457,49.84040,3.37020,4.84,G
15474,49.87917,-21.75786,3.70,M
15510,49.97916,-43.06978,4.26,G
15520,49.99694,65.65229,4.74,B
15547,50.08174,77.73474,5.44,A
15549,50.08484,29.04846,4.47,K
15627,50.30676,21.14709,5.27,B
15643,50.35005,-23.63513,5.50,G
15648,50.36071,43.32965,4.96,A
15737,50.68851,20.74207,5.10,K
15770,50.80495,49.21327,5.32,B
15861,51.07698,24.72406,5.50,K
15863,51.08067,49.86118,1.79,F
15890,51.16900,64.58600,5.13,M
15900,51.20331,9.02887,3.61,G
16083,51.79230,9.73268,3.73,B
16147,52.01275,49.06287,4.99,B
16228,52.26723,59.94033,4.21,B
16244,52.34184,49.50895,4.67,B
16245,52.34337,-62.93753,4.71,F
16281,52.47810,58.87875,4.55,A
16292,52.50086,55.45181,5.09,A
16322,52.60196,11.33644,5.14,A
16335,52.64368,47.99522,4.36,K
16341,52.65441,-5.07515,4.74,B
16369,52.71823,12.93668,4.14,K
16470,53.03581,48.02348,5.47,B
16499,53.10947,46.05686,5.30,F
16537,53.23272,-9.45826,3.72,K
16611,53.44698,-21.63288,4.26,B
16803,54.07255,-17.46706,5.24,B
16826,54.12239,48.19263,4.32,B
16852,54.21827,0.40166,4.29,F
16870,54.27366,-40.27455,4.57,K
17296,55.53891,63.21681,5.06,S
17304,55.56209,-31.93836,4.99,B
17313,55.59436,33.96503,4.97,B
17351,55.70862,-37.31352,4.59,K
17358,55.73124,47.78755,3.01,B
17378,55.81209,-9.76339,3.52,K
17440,56.04890,-64.80690,3.84,K
17448,56.07972,32.28825,3.84,B
17457,56.12712,-1.16309,5.24,B
17489,56.20089,24.28947,5.45,B
17499,56.21890,24.11334,3.72,B
17529,56.29848,42.57855,3.77,F
17531,56.30205,24.46728,4.30,B
17563,56.41851,6.04999,5.34,B
17573,56.45669,24.36775,3.87,B
17587,56.50971,63.34505,4.78,A
17593,56.53556,-12.10159,4.43,M
17608,56.58156,23.94836,4.14,B
17651,56.71206,-23.24972,4.22,F
17678,56.80942,-74.23896,3.26,M
17702,56.87115,24.10514,2.85,B
17717,56.91521,-23.87468,5.24,A
17771,57.06779,11.14329,5.08,B
17776,57.08673,23.42125,5.44,B
17797,57.14945,-37.62015,4.30,A
17847,57.29060,24.05342,3.62,B
17851,57.29673,24.13671,5.05,B
17854,57.30714,70.87105,5.40,A
17874,57.36356,-36.20025,4.17,G
17884,57.38036,65.52597,4.39,M
17886,57.38622,33.09138,5.14,A
17954,57.57889,25.57936,5.24,A
17959,57.58953,71.33227,4.59,A
18141,58.17357,-5.36126,5.48,B
18213,58.41226,-34.73230,5.11,B
18216,58.42793,-24.61223,4.64,B
18246,58.53300,31.88364,2.84,B
18255,58.57293,-2.95473,4.46,G
18396,58.99236,47.87142,5.39,B
18434,59.11955,35.08090,5.49,B
18453,59.15205,50.69538,5.28,F
18488,59.28455,61.10888,4.99,K
18505,59.35600,63.07226,4.95,B
18532,59.46345,40.01022,2.90,B
18543,59.50735,-13.50851,2.97,M
18597,59.68642,-61.40019,4.56,M
18614,59.74125,35.79103,3.98,O
18673,59.98118,-24.01621,4.62,A
18724,60.17007,12.49035,3.41,B
18744,60.22419,-62.15928,4.48,M
18772,60.32545,-61.07882,4.97,K
18788,60.38354,-1.54966,5.28,B
18859,60.65310,-0.26892,5.38,F
18907,60.78909,5.98930,3.91,A
18957,60.93585,5.43562,5.32,B
18975,60.98585,8.19727,5.45,F
18993,61.04115,2.82695,5.36,F
19009,61.09031,24.10599,5.46,G
19018,61.11318,59.15551,5.00,F
19038,61.17379,22.08193,4.36,K
19167,61.64602,50.35126,4.25,A
19171,61.65171,27.59990,5.18,B
19205,61.75192,29.00130,5.21,F
19343,62.16536,47.71251,3.96,B
19398,62.32431,-16.38587,5.45,B
19461,62.51158,80.69868,5.10,G
19483,62.59385,-6.92385,5.44,G
19513,62.70775,26.48095,5.39,F
19515,62.71062,-41.99357,4.93,A
19587,62.96641,-6.83758,4.04,F
19719,63.38793,7.71605,5.29,F
19740,63.48494,9.26382,4.84,G
19747,63.50044,-42.29437,3.85,K
19777,63.59871,-10.25628,4.87,K
19780,63.60606,-62.47386,3.33,G
19799,63.65097,10.01141,5.22,B
19805,63.70229,-62.19181,5.45,K
19811,63.72214,40.48367,4.67,G
19812,63.72442,48.40933,4.12,G
19849,63.81806,-7.65287,4.43,K
19860,63.88358,8.89236,4.27,B
19893,64.00645,-51.48665,4.26,F
19921,64.12107,-59.30216,4.44,K
19949,64.17957,53.61180,5.20,A
19990,64.31526,20.57859,4.93,A
20042,64.47356,-33.79835,3.55,B
20070,64.56084,50.29550,4.60,A
20156,64.80508,50.04870,5.46,A
20161,64.81951,-44.26792,5.33,K
20171,64.85874,21.14231,5.50,B
20186,64.90293,21.77349,5.34,A
20205,64.94834,15.62764,3.65,G
20250,65.08841,27.35075,4.97,K
20252,65.10267,34.56672,4.93,G
20261,65.15129,15.09545,5.26,F
20264,65.16255,-20.63962,5.38,A
20266,65.16812,65.14044,5.26,G
20354,65.38817,46.49888,4.80,B
20376,65.44841,60.73562,5.40,M
20384,65.47194,-63.38639,5.24,G
20430,65.64560,25.62931,5.38,B
20455,65.73370,17.54251,3.77,G
20507,65.92021,-3.74547,5.17,A
20522,65.96594,9.46097,5.10,A
20535,66.00920,-34.01685,3.97,K
20542,66.02398,17.44413,4.80,A
20635,66.34233,22.29387,4.21,A
20641,66.35421,22.20000,5.27,A
20648,66.37242,17.92791,4.30,A
20704,66.52626,31.43891,5.29,K
20711,66.57691,22.81358,4.28,A
20713,66.58641,15.61826,4.48,F
20732,66.65156,14.71378,4.69,G
20776,66.76209,80.82416,5.42,G
20877,67.10988,16.35967,4.96,K
20885,67.14372,15.96218,3.84,G
20889,67.15414,19.18043,3.53,K
20894,67.16558,15.87088,3.40,A
20901,67.20901,13.04760,5.02,A
20982,67.50239,83.34038,5.47,G
21029,67.64013,16.19401,4.78,A
21036,67.65567,13.72440,5.40,F
21039,67.66203,15.69188,5.47,A
21060,67.70874,-44.95375,5.07,B
21139,67.96944,-0.04401,4.91,K
21248,68.37735,-29.76649,4.49,K
21273,68.46214,14.84442,4.65,A
21281,68.49897,-55.04498,3.30,A
21296,68.54846,-8.23135,5.20,M
21297,68.54904,-8.97026,5.24,K
21393,68.88768,-30.56234,3.81,G
21402,68.91358,10.16079,4.25,A
21421,68.98016,16.50930,0.87,K
21444,69.07976,-3.35246,3.93,B
21476,69.17262,41.26481,4.25,G
21515,69.30698,0.99831,5.32,B
21547,69.40054,-2.47355,5.22,F
21589,69.53942,12.51084,4.27,A
21594,69.54510,-14.30402,3.86,K
21644,69.72315,-12.12312,4.99,A
21670,69.77565,7.87098,5.38,A
21673,69.78840,15.79985,5.08,A
21683,69.81874,15.91798,4.67,A
21685,69.83213,-14.35919,5.46,K
21727,69.97785,53.07953,5.07,K
21730,69.99189,53.47302,5.36,A
21735,70.01424,12.19761,5.45,B
21763,70.11047,-19.67149,4.32,M
21770,70.14059,-41.86375,4.44,F
21861,70.51448,-37.14430,5.04,F
21881,70.56126,22.95693,4.27,B
21914,70.69349,-50.48133,5.30,K
21928,70.72633,43.36514,5.30,A
21949,70.76646,-70.93103,5.53,B
22040,71.08808,-59.73273,5.28,A
22044,71.10762,11.14614,5.39,F
22109,71.37562,-3.25466,4.01,B
22157,71.50725,11.70559,5.35,A
22263,71.90120,-16.93446,5.49,G
22287,72.00104,56.75718,5.29,A
22449,72.46004,6.96128,3.19,F
22453,72.47769,37.48828,4.89,K
22479,72.54840,-16.21716,5.03,K
22509,72.65301,8.90018,4.35,A
22549,72.80151,5.60510,3.68,B
22565,72.84359,18.83986,5.08,A
22626,73.02163,63.50542,5.47,M
22667,73.13317,14.25064,4.71,M
22678,73.15827,36.70319,4.79,K
22701,73.22362,-5.45270,4.36,A
22730,73.34489,2.50822,5.33,M
22783,73.51254,66.34268,4.26,O
22797,73.56289,2.44067,3.71,B
22833,73.69540,11.42601,5.18,A
22834,73.69909,7.77910,5.33,K
22845,73.72386,10.15083,4.64,A
22871,73.79648,-74.93685,5.47,K
22957,74.09282,13.51447,4.06,K
22958,74.10078,-5.17136,5.50,B
23015,74.24841,33.16609,2.69,K
23040,74.32170,53.75210,4.43,A
23123,74.63709,1.71402,4.47,K
23179,74.81418,37.89025,4.93,A
23221,74.96022,-10.26333,5.39,G
23231,74.98224,-12.53742,4.78,F
23265,75.08633,81.19409,5.09,K
23362,75.35658,-20.05192,4.91,B
23364,75.35977,-7.17396,4.80,B
23416,75.49223,43.82331,3.03,F
23430,75.54090,-26.27503,5.01,K
23453,75.61951,41.07584,3.69,K
23467,75.67919,-71.31430,5.30,G
23482,75.70291,-49.15141,5.37,F
23497,75.77394,21.58996,4.62,A
23522,75.85455,60.44224,4.03,G
23595,76.10160,-35.48298,4.55,K
23607,76.14229,15.40410,4.65,A
23649,76.24164,-49.57784,5.05,M
23685,76.36527,-22.37103,3.19,K
23693,76.37780,-57.47270,4.71,F
23734,76.53524,58.97237,5.22,B
23767,76.62870,41.23447,3.18,B
23783,76.66934,51.59772,4.98,F
23794,76.69022,-4.65516,5.12,B
23835,76.86246,18.64505,4.91,G
23840,76.89174,-63.39968,5.19,M
23871,76.95167,20.41838,5.28,A
23875,76.96243,-5.08645,2.78,A
23879,76.97038,8.49843,5.33,A
23900,77.02760,24.26517,5.50,B
23941,77.18208,-4.45621,5.11,F
23972,77.28660,-8.75408,4.25,B
23983,77.33184,9.82958,5.43,A
24010,77.42481,15.59723,4.81,F
24197,77.92319,16.04567,5.18,K
24244,78.07460,-11.86922,4.45,B
24254,78.09355,73.94667,5.44,B
24305,78.23292,-16.20547,3.29,B
24327,78.30783,-12.94129,4.36,B
24331,78.32285,2.86126,4.46,K
24340,78.35717,38.48450,4.82,A
24372,78.43932,-67.18525,4.81,K
24436,78.63447,-8.20164,0.18,B
24450,78.68353,5.15615,5.50,K
24504,78.85165,32.68760,5.01,A
24505,78.85155,-26.94351,5.06,B
24608,79.17225,45.99799,0.08,M
24659,79.37117,-34.89521,4.81,K
24674,79.40163,-6.84441,3.59,B
24679,79.41768,-13.51983,5.48,G
24727,79.54402,33.37161,4.54,K
24799,79.75011,33.74839,5.38,A
24813,79.78493,40.09905,4.69,G
24817,79.79675,2.59581,5.34,F
24822,79.81917,22.09649,4.96,G
24829,79.84220,-50.60597,5.44,F
24845,79.89386,-13.17679,4.29,B
24873,79.99593,-12.31559,5.29,B
24879,80.00383,33.95805,5.05,A
24902,80.06114,41.08621,5.46,A
24927,80.11217,-21.23976,4.70,A
25044,80.44062,-0.38246,4.72,B
25045,80.44273,-24.77298,5.06,A
25048,80.45172,41.80457,5.22,B
25110,80.64054,79.23115,5.08,F
25142,80.70834,3.54445,4.99,B
25197,80.86598,57.54440,5.24,A
25202,80.87565,-13.92735,5.25,B
25247,80.98678,-7.80807,4.13,G
25278,81.10607,17.38353,5.00,F
25281,81.11924,-2.39715,3.35,B
25282,81.12045,-0.89133,5.07,K
25292,81.16309,37.38535,5.02,K
25302,81.18678,1.84644,4.89,B
25336,81.28276,6.34970,1.64,B
25428,81.57297,28.60745,1.65,B
25429,81.58030,-58.91252,5.14,G
25473,81.70929,3.09567,4.59,B
25499,81.79206,17.96222,5.40,B
25539,81.90869,21.93697,4.88,B
25541,81.91203,34.47589,5.08,K
25606,82.06134,-20.75944,2.81,G
25695,82.31874,25.15021,5.47,B
25737,82.43325,-1.09224,4.71,K
25768,82.53948,-47.07766,5.46,G
25769,82.54252,63.06722,5.43,M
25813,82.69605,5.94814,4.20,B
25859,82.80314,-35.47052,3.86,K
25861,82.81055,3.29213,5.46,B
25918,82.96977,-76.34096,5.18,K
25923,82.98274,-7.30154,4.62,B
25930,83.00168,-0.29909,2.25,O
25945,83.05313,18.59423,4.32,M
25950,83.05893,17.05813,5.50,B
25980,83.17230,-1.59183,5.34,B
25984,83.18197,32.19202,4.71,B
25985,83.18256,-17.82229,2.58,F
25993,83.21420,-38.51337,5.45,K
26001,83.24809,-64.22752,5.34,G
26063,83.38103,-1.15607,5.36,B
26069,83.40631,-62.48983,3.76,F
26126,83.56989,3.76689,5.32,A
26176,83.70516,9.48958,4.39,B
26199,83.76117,-6.00203,4.78,B
26207,83.78449,9.93416,3.39,O
26220,83.81592,-5.38732,4.98,O
26221,83.81861,-5.38970,5.13,O
26235,83.84542,-5.41606,4.98,O
26237,83.84652,-4.83836,4.58,B
26241,83.85826,-5.90990,2.75,O
26248,83.86303,24.03959,5.37,B
26268,83.91451,-4.85607,5.24,F
26311,84.05338,-1.20192,1.69,B
26366,84.22662,9.29067,4.09,G
26451,84.41119,21.14255,2.97,B
26460,84.43591,-28.68969,5.28,F
26536,84.65870,30.49241,5.40,A
26549,84.68653,-2.60007,3.77,O
26563,84.72119,-7.21283,4.77,A
26594,84.79644,4.12147,4.50,B
26634,84.91226,-34.07411,2.65,B
26640,84.93415,25.89709,5.18,B
26649,84.95768,-32.62922,5.44,G
26727,85.18970,-1.94257,1.74,O
26736,85.21131,-1.12879,4.95,B
26777,85.32382,16.53415,4.84,B
26868,85.56332,-34.66781,5.29,B
26885,85.61929,1.47463,4.90,K
27072,86.11585,-22.44838,3.59,F
27100,86.19334,-65.73553,4.34,A
27196,86.47518,49.82626,5.46,A
27204,86.49956,-32.30644,5.18,B
27243,86.61405,-46.59718,5.31,K
27288,86.73892,-14.82195,3.55,A
27321,86.82118,-51.06651,3.85,A
27338,86.85915,17.72914,5.47,F
27364,86.92878,13.89960,5.28,B
27366,86.93912,-9.66961,2.07,B
27386,87.00097,6.45416,5.26,A
27468,87.25402,24.56753,4.88,G
27483,87.29350,39.18107,4.51,G
27511,87.38721,12.65132,4.89,B
27517,87.40225,-14.48367,5.49,G
27530,87.45677,-56.16666,4.50,K
27534,87.47308,-66.90119,5.10,B
27566,87.56999,-79.36136,5.46,B
27621,87.72176,-52.10887,5.16,G
27628,87.73994,-35.76831,3.12,K
27639,87.76013,37.30557,4.72,M
27654,87.83035,-20.87909,3.76,G
27658,87.84161,-7.51800,5.36,B
27673,87.87249,39.14848,3.97,K
27750,88.11017,1.85513,4.76,K
27810,88.27868,-33.80136,4.88,B
27830,88.33185,27.61226,4.56,A
27890,88.52487,-63.08963,4.65,K
27913,88.59579,20.27617,4.39,G
27947,88.70874,-52.63548,5.29,F
27949,88.71160,55.70695,4.96,A
27971,88.74095,59.88837,5.20,A
27989,88.79293,7.40706,0.45,M
28010,88.87462,-37.12067,4.97,K
28103,89.10123,-14.16770,3.71,F
28199,89.38421,-35.28328,4.36,B
28237,89.49856,25.95391,4.81,B
28296,89.70656,0.55298,5.21,A
28325,89.76796,-9.55825,5.04,A
28328,89.78667,-42.81513,3.96,K
28358,89.88167,54.28466,3.72,K
28360,89.88224,44.94743,1.90,A
28380,89.93027,37.21258,2.65,A
28404,89.98375,45.93674,4.30,M
28413,90.01395,-3.07425,4.53,K
28574,90.46009,-10.59793,4.92,B
28614,90.59583,9.64728,4.12,A
28675,90.81499,-26.28454,5.03,K
28691,90.86403,19.69056,5.14,B
28716,90.97993,20.13845,4.64,B
28734,91.03007,23.26334,4.16,G
28744,91.05625,-6.70894,5.19,B
28816,91.24636,-16.48444,4.92,A
28910,91.53885,-14.93525,4.67,A
28943,91.63374,-23.11085,5.46,A
28946,91.64624,38.48264,5.35,A
28949,91.66140,-4.19384,5.37,B
28991,91.76406,-62.15458,5.04,K
29034,91.88180,-37.25292,5.00,B
29038,91.89302,14.76847,4.42,B
29048,91.92350,-19.16587,5.28,M
29064,91.97025,-42.15404,5.50,A
29134,92.18464,-68.84341,5.06,B
29150,92.24111,-22.42741,5.49,A
29151,92.24127,2.49969,5.70,A
29246,92.49585,58.93569,5.35,G
29271,92.55948,-74.75305,5.08,G
29276,92.57463,-54.96865,4.72,B
29353,92.81250,-65.58942,5.01,M
29417,92.96589,-6.55029,5.06,B
29426,92.98498,14.20876,4.45,B
29434,93.01366,16.13041,4.95,B
29490,93.21273,65.71842,5.36,K
29650,93.71201,19.15645,5.20,F
29651,93.71388,-6.27478,3.99,K
29655,93.71941,22.50680,3.31,M
29696,93.84456,29.49808,4.32,G
29704,93.85470,16.14317,5.34,B
29730,93.91885,59.99898,5.37,K
29735,93.93702,-13.71841,5.00,B
29736,93.93735,12.55107,5.44,B
29800,94.11091,12.27216,5.04,F
29807,94.13807,-35.14052,4.37,G
29850,94.27758,9.94239,5.39,A
29895,94.42385,-16.81591,5.15,K
29919,94.47844,61.51529,5.01,M
29996,94.71076,-9.39002,5.36,K
29997,94.71157,69.31979,4.76,A
30060,94.90578,59.01096,4.44,A
30073,94.92833,-7.82291,5.27,B
30093,94.99833,-2.94449,4.91,M
30122,95.07829,-30.06337,3.02,B
30214,95.35298,-11.77324,5.48,B
30247,95.44217,53.45218,5.34,F
30277,95.52846,-33.43640,3.85,G
30324,95.67494,-17.95592,1.98,B
30343,95.74009,22.51359,2.87,M
30419,95.94203,4.59286,4.39,A
30438,95.98792,-52.69566,-0.62,F
30457,96.04300,-11.53009,5.21,K
30520,96.22459,49.28789,4.92,K
30565,96.36935,-69.69030,5.37,G
30679,96.70365,58.41741,5.21,K
30717,96.80734,0.29925,5.19,K
30772,96.98988,-4.76215,5.06,B
30788,97.04254,-32.58007,4.47,B
30867,97.20445,-7.03306,3.76,B
30883,97.24079,20.21213,4.13,B
30932,97.36883,-56.85277,5.20,K
30953,97.45453,-50.23909,5.28,F
31084,97.84602,-12.39195,5.16,K
31119,97.95125,11.54441,5.22,A
31121,97.95860,-8.15823,5.43,K
31125,97.96403,-23.41842,4.34,B
31165,98.08907,-37.69670,5.25,G
31216,98.22594,7.33296,4.47,A
31278,98.40801,-1.22015,5.09,B
31299,98.45618,-36.23203,5.42,K
31407,98.74410,-52.97561,4.35,B
31416,98.76411,-22.96479,4.54,A
31434,98.80026,28.02231,5.26,A
31579,99.13681,38.44550,5.40,C
31592,99.17098,-19.25588,3.95,K
31681,99.42792,16.39925,1.93,A
31685,99.44030,-43.19593,3.17,B
31688,99.44836,-32.33973,5.25,K
31700,99.47259,-18.23748,4.42,K
31765,99.65680,-48.22018,5.05,G
31789,99.70493,39.90256,5.34,B
31827,99.81966,-14.14576,4.82,K
31832,99.83261,42.48888,4.80,K
31978,100.24441,9.89575,4.66,O
32064,100.48494,-9.16754,5.21,M
32104,100.60135,17.64530,5.20,A
32173,100.77076,44.52445,5.04,K
32246,100.98303,25.13112,3.06,A
32249,100.99706,13.22802,4.49,K
32292,101.11861,-31.07052,5.23,B
32311,101.18942,28.97093,5.42,K
32349,101.28722,-16.71612,-1.44,A
32362,101.32236,12.89559,3.35,F
32411,101.49748,-14.79613,5.30,A
32438,101.55893,59.44167,4.86,A
32439,101.56005,79.56481,5.44,F
32480,101.68475,43.57743,5.24,G
32489,101.70625,57.16918,5.34,K
32492,101.71288,-14.42597,5.28,B
32494,101.71950,-51.26567,5.39,K
32533,101.83263,8.03725,4.77,K
32537,101.83917,-37.92970,5.27,B
32558,101.90510,-8.99850,5.08,M
32562,101.91491,48.78948,5.22,K
32578,101.96520,2.41216,4.48,K
32607,102.04791,-61.94139,3.24,A
32677,102.24057,-15.14473,5.39,B
32759,102.46025,-32.50848,3.50,B
32761,102.46381,-53.62245,4.41,G
32765,102.47757,-46.61456,5.14,F
32768,102.48399,-50.61456,2.94,K
32844,102.69146,41.78123,4.99,K
32855,102.71814,-34.36732,4.99,K
32864,102.73786,67.57193,5.14,B
32912,102.86243,-70.96341,5.41,B
32921,102.88769,21.76115,5.28,A
33018,103.19724,33.96125,3.60,A
33048,103.27107,59.44854,5.34,G
33092,103.38711,-20.22425,4.82,B
33104,103.42602,68.88831,5.11,B
33152,103.53314,-24.18421,3.89,K
33160,103.54751,-12.03863,4.08,K
33184,103.60276,-1.12700,5.44,A
33202,103.66098,13.17783,4.73,F
33302,103.90596,-20.13650,4.66,F
33316,103.94553,-22.94144,5.29,B
33345,104.02768,-14.04343,5.00,B
33347,104.03427,-17.05424,4.36,B
33357,104.06663,-48.72114,4.94,M
33384,104.14366,-79.42019,5.45,B
33449,104.31918,58.42276,4.35,G
33478,104.39130,-24.63084,5.45,F
33485,104.40463,45.09409,4.90,A
33558,104.60457,-34.11171,5.07,B
33579,104.65645,-28.97208,1.50,B
33682,104.96067,-67.91644,5.18,K
33694,105.01622,76.97741,4.55,K
33779,105.21455,-51.40259,5.14,M
33856,105.42978,-27.93483,3.49,K
33878,105.48493,-5.72206,5.22,M
33927,105.60326,24.21545,5.20,G
33971,105.72824,-4.23923,4.99,B
33977,105.75614,-23.83329,3.02,B
34000,105.81293,-59.17811,5.50,B
34033,105.90864,10.95182,5.14,K
34045,105.93955,-15.63329,4.11,B
34059,105.97344,-49.58392,4.92,A
34081,106.01166,-42.33728,5.20,A
34088,106.02721,20.57030,4.01,G
34105,106.07635,-56.74972,5.14,A
34301,106.66986,-11.29401,5.41,B
34440,107.09183,15.93068,5.47,G
34444,107.09785,-26.39320,1.83,F
34481,107.18682,-70.49893,3.78,G
34495,107.21278,-39.65566,4.83,B
34622,107.55701,-4.23711,4.91,K
34624,107.58051,-27.49152,5.46,G
34670,107.69787,-48.93210,5.12,K
34693,107.78489,30.24516,4.41,K
34724,107.84839,-0.30193,5.44,F
34752,107.91383,39.32055,4.91,K
34769,107.96609,-0.49276,4.15,A
34802,108.06588,-40.49881,5.30,A
34834,108.14025,-46.75930,4.49,F
34899,108.30566,-45.18274,4.87,A
34909,108.34281,16.15897,5.07,K
34912,108.34749,51.42874,5.46,M
34922,108.38455,-44.63974,4.42,M
34981,108.56338,-26.35251,4.42,B
34987,108.58359,3.11141,5.36,K
35020,108.65892,-48.27193,4.75,B
35037,108.70274,-26.77267,4.01,B
35083,108.83781,-30.68645,5.36,B
35146,108.97901,59.63747,5.20,K
35180,109.06065,-15.58569,5.46,A
35205,109.14580,-27.88118,4.66,M
35210,109.15347,-23.31559,4.83,K
35226,109.20588,-36.59263,5.03,B
35228,109.20762,-67.95715,3.97,F
35264,109.28566,-37.09747,2.71,K
35350,109.52325,16.54038,3.58,A
35363,109.57665,-36.73396,4.65,B
35384,109.63325,49.46476,5.00,A
35393,109.63963,-39.21028,5.24,A
35406,109.65910,-36.74274,5.11,A
35412,109.66824,-24.55870,4.88,O
35415,109.67703,-24.95437,4.37,O
35427,109.71364,-26.58585,5.29,G
35550,110.03074,21.98232,3.50,F
35564,110.08932,-52.31152,5.50,F
35589,110.16171,-52.08592,5.38,B
35699,110.48692,20.44366,5.09,M
35710,110.51096,36.76058,5.12,K
35727,110.55638,-19.01660,4.94,B
35795,110.75290,-31.92378,5.40,B
35846,110.86881,25.05053,5.04,G
35848,110.87079,-27.83429,5.37,K
35855,110.88289,-32.20207,5.41,B
35904,111.02376,-29.30310,2.45,B
35907,111.03528,40.67239,5.23,K
35951,111.16745,-16.20147,5.18,B
35957,111.18273,-31.80890,5.35,K
35987,111.24241,11.66952,5.37,A
36041,111.41206,9.27610,4.99,G
36046,111.43168,27.79808,3.78,G
36114,111.59105,-51.01848,5.09,K
36145,111.67855,49.21153,4.61,A
36188,111.78768,8.28932,2.89,B
36238,111.93486,21.44525,5.20,F
36265,112.00865,6.94197,5.22,F
36284,112.04081,8.92553,4.33,K
36363,112.27374,-38.81206,5.41,B
36366,112.27792,31.78455,4.16,F
36377,112.30769,-43.30143,3.25,K
36393,112.33518,28.11828,5.07,A
36425,112.44909,12.00656,4.55,K
36429,112.45320,27.91615,5.01,K
36431,112.46422,-23.02429,4.85,A
36439,112.48300,49.67246,5.35,F
36514,112.67751,-30.96228,4.65,G
36547,112.76866,82.41147,4.92,M
36616,112.95165,17.08605,5.45,K
36641,113.02479,1.91448,5.24,F
36760,113.40201,15.82666,5.27,A
36773,113.44984,-14.52389,4.82,A
36778,113.46269,-36.33839,5.42,B
36795,113.51327,-22.29607,4.44,F
36817,113.57758,-23.47366,5.06,F
36850,113.64951,31.88828,1.58,A
36896,113.78667,30.96092,5.34,K
36917,113.84541,-28.36932,4.65,B
36942,113.91548,-52.53384,4.93,K
36962,113.98062,26.89574,4.06,K
37088,114.31955,-4.11098,5.14,F
37096,114.34213,-34.96853,4.53,B
37173,114.57519,-25.36480,4.69,B
37229,114.70779,-26.80384,3.80,B
37265,114.79140,34.58435,4.89,F
37279,114.82550,5.22499,0.40,F
37297,114.86392,-38.30802,4.84,B
37300,114.86913,17.67452,5.04,M
37379,115.09671,-15.26392,4.98,K
37391,115.12942,87.02009,5.05,M
37447,115.31181,-9.55113,3.94,K
37450,115.31591,-38.53353,5.41,B
37504,115.45506,-72.60610,3.93,K
37606,115.73798,-45.17312,5.04,G
37609,115.75182,58.71036,4.93,A
37629,115.82800,28.88351,4.23,K
37648,115.88495,-28.41089,4.63,K
37664,115.92460,-40.93375,5.12,K
37677,115.95195,-28.95483,3.94,A
37701,116.01743,50.43379,5.31,A
37704,116.02881,25.78416,5.30,K
37740,116.11190,24.39799,3.57,G
37819,116.31373,-37.96858,3.62,K
37826,116.32916,28.02620,1.16,K
37853,116.39604,-34.17236,5.36,G
37891,116.48695,-14.56381,5.03,F
37901,116.50912,-6.77251,5.49,K
37908,116.53104,18.51004,4.89,K
37921,116.56750,10.76825,5.25,A
37946,116.66366,37.51739,5.15,M
38010,116.85414,-38.51114,5.07,B
38016,116.87635,33.41570,5.14,M
38020,116.88128,-46.60849,5.22,B
38048,116.98634,-12.19271,5.48,F
38070,117.02154,-25.93717,4.40,B
38089,117.08412,-47.07772,4.69,K
38146,117.25698,-24.91221,5.32,G
38164,117.30957,-46.37320,4.10,B
38170,117.32356,-24.85979,3.34,G
38211,117.42166,-17.22841,5.17,K
38373,117.92495,1.76687,5.12,B
38382,117.94293,-13.89803,5.16,G
38414,118.05432,-40.57579,3.71,G
38423,118.06536,-34.70544,5.01,F
38455,118.16103,-38.86281,4.49,B
38497,118.26462,-36.36377,5.44,K
38500,118.26516,-49.61304,4.63,B
38518,118.32567,-48.10293,4.22,B
38538,118.37424,26.76578,4.97,A
38593,118.54587,-35.87729,5.48,B
38639,118.67796,47.56460,5.47,K
38722,118.91624,19.88397,5.38,A
38827,119.19469,-52.98236,3.46,B
38835,119.21475,-22.88012,4.20,F
38846,119.24085,-43.50041,5.36,B
38872,119.32677,-44.10986,5.08,B
38901,119.41711,-30.33457,4.76,A
38917,119.46552,-45.57767,5.14,K
38957,119.56017,-49.24491,4.47,B
38962,119.58606,2.22477,5.30,K
39023,119.77381,-23.31040,5.09,G
39061,119.86825,-39.29694,5.22,F
39070,119.90643,-60.58706,5.19,M
39079,119.93397,-3.67958,4.93,K
39095,119.96688,-18.39923,4.61,A
39117,120.04896,73.91792,5.37,K
39138,120.08320,-63.56746,4.81,B
39211,120.30557,-1.39261,4.69,K
39311,120.56640,2.33457,4.39,K
39424,120.87951,27.79433,4.94,K
39429,120.89606,-40.00315,2.21,O
39487,121.06746,-32.67483,5.25,M
39538,121.19652,79.47961,5.39,A
39567,121.26870,13.11821,5.14,A
39690,121.66809,-45.26602,5.04,K
39734,121.82517,-20.55434,5.33,A
39757,121.88606,-24.30432,2.83,F
39780,121.94106,21.58182,5.30,G
39794,121.98260,-68.61706,4.35,B
39847,122.11444,51.50667,4.78,A
39863,122.14854,-2.98379,4.36,G
39903,122.25320,-61.30243,4.74,F
39906,122.25682,-19.24501,4.40,B
39953,122.38314,-47.33659,1.75,W
39961,122.39965,-44.12277,5.20,B
39970,122.42982,-47.93719,5.23,B
40084,122.81795,-12.92700,4.72,K
40091,122.83956,-39.61854,4.44,K
40096,122.85789,-42.98728,4.73,A
40107,122.88752,-7.77254,5.36,G
40167,123.05303,17.64777,4.67,G
40215,123.20328,68.47407,5.34,G
40259,123.33320,-15.78822,4.99,G
40274,123.37299,-35.89952,4.78,B
40285,123.40065,-46.99163,5.14,B
40321,123.49298,-36.32228,5.09,B
40326,123.51214,-40.34789,4.42,K
40429,123.81641,-62.91564,5.16,A
40526,124.12884,9.18554,3.53,K
40680,124.57828,-65.61319,5.06,K
40702,124.63054,-76.91972,4.05,F
40706,124.63887,-36.65929,4.44,A
40817,124.95411,-71.51491,5.33,B
40843,125.01609,27.21771,5.13,F
40888,125.16173,-77.48448,4.34,K
40943,125.33769,-36.48418,5.18,B
40945,125.34595,-33.05437,4.83,K
41003,125.51877,-73.39999,5.28,A
41037,125.62854,-59.50948,1.86,K
41039,125.63206,-48.49038,4.79,B
41075,125.70882,43.18813,4.25,K
41260,126.26559,-24.04621,5.32,K
41296,126.38055,-51.72742,5.18,B
41307,126.41514,-3.90642,3.91,A
41312,126.43426,-66.13689,3.77,K
41323,126.46630,-42.15307,5.45,B
41325,126.47820,7.56451,5.13,G
41483,126.90255,-53.08848,5.08,A
41616,127.26981,-47.92892,5.33,B
41639,127.36452,-44.72481,5.03,B
41704,127.56647,60.71817,3.35,G
41817,127.87886,-19.57746,5.42,B
41822,127.89888,18.09442,5.33,K
41909,128.17709,20.44116,5.33,K
42080,128.65067,65.14517,5.47,A
42088,128.68167,-49.94420,5.01,K
42129,128.81487,-58.22474,5.27,B
42134,128.83200,-58.00923,4.84,K
42286,129.32850,-62.85346,5.45,K
42312,129.41099,-42.98908,4.11,A
42313,129.41403,5.70378,4.14,A
42334,129.46731,-26.25500,5.24,A
42402,129.68932,3.34144,4.45,K
42425,129.77142,-70.38675,5.19,A
42430,129.78297,-22.66187,5.05,G
42459,129.84939,-53.43977,5.45,B
42483,129.92699,-29.56108,4.86,G
42504,129.99003,-53.05473,5.18,B
42509,130.00614,-12.47537,4.98,K
42515,130.02560,-35.30835,3.97,G
42527,130.05360,64.32794,4.59,K
42536,130.07331,-52.92189,3.60,B
42540,130.07994,-40.26387,5.20,A
42568,130.15429,-59.76100,4.31,B
42570,130.15655,-46.64874,3.77,F
42604,130.25444,45.83401,5.35,G
42624,130.30473,-47.31712,4.74,A
42637,130.33159,-78.96336,5.46,B
42662,130.43057,-15.94338,4.87,K
42679,130.48713,-45.41071,5.20,B
42712,130.56747,-48.09909,5.48,B
42715,130.57917,-53.10006,5.49,B
42726,130.60581,-53.11398,4.83,B
42799,130.80615,3.39866,4.30,B
42806,130.82147,21.46850,4.66,A
42828,130.89809,-33.18639,3.68,B
42834,130.91781,-49.82280,5.15,B
42835,130.91823,-7.23373,4.63,G
42884,131.09981,-42.64928,4.05,G
42911,131.17125,18.15431,3.94,K
42913,131.17588,-54.70882,1.93,A
43023,131.50686,-46.04153,3.87,A
43067,131.59390,-13.54772,4.32,G
43082,131.62728,-45.91250,5.43,B
43103,131.67426,28.75990,4.03,G
43105,131.67730,-56.76978,4.50,B
43109,131.69380,6.41881,3.38,G
43142,131.81244,-1.89703,5.28,A
43234,132.10821,5.83781,4.35,A
43305,132.34053,-3.44302,5.30,B
43325,132.41318,-40.32016,5.47,A
43347,132.44850,-45.30788,4.94,A
43352,132.46458,-32.78052,5.19,G
43409,132.63306,-27.70984,4.02,K
43413,132.63942,-46.52919,5.09,B
43414,132.64473,-66.79298,5.34,F
43531,132.98680,43.72660,5.15,K
43671,133.46082,-47.52078,5.31,A
43721,133.56136,30.57912,5.40,G
43783,133.76185,-60.64461,3.84,B
43813,133.84845,5.94556,3.11,G
43825,133.88151,-27.68187,4.87,A
43834,133.91534,27.92748,5.23,G
43851,133.98146,11.62602,5.44,K
43878,134.08029,-52.72348,4.68,B
43908,134.17423,-85.66315,5.43,F
43932,134.23584,32.91043,5.44,A
43937,134.24343,-59.22934,4.93,B
43970,134.31228,15.32276,5.22,A
44066,134.62176,11.85770,4.26,A
44093,134.71824,-47.23469,5.17,A
44127,134.80242,48.04183,3.12,A
44143,134.85117,-59.08371,5.17,F
44154,134.88608,32.41856,5.23,G
44191,135.02257,-41.25361,4.45,F
44248,135.16028,41.78291,3.96,F
44337,135.43569,-52.18868,5.23,A
44382,135.61166,-66.39608,4.00,A
44390,135.63630,67.62962,4.74,M
44405,135.68444,24.45292,5.45,A
44471,135.90641,47.15653,3.57,A
44511,136.03872,-47.09774,3.75,K
44599,136.28678,-72.60271,4.47,F
44613,136.35042,48.53031,5.48,F
44626,136.40991,-70.53850,4.66,B
44659,136.49319,5.09232,4.99,K
44700,136.63237,38.45222,4.56,G
44798,136.93672,10.66819,5.23,B
44816,136.99902,-43.43259,2.23,K
44818,137.00022,29.65423,5.42,G
44824,137.01200,-25.85854,4.62,K
44857,137.09801,66.87323,5.15,K
44901,137.21794,51.60465,4.46,A
44946,137.33973,22.04545,5.16,K
44961,137.39820,-8.78765,5.47,G
45038,137.59806,67.13402,4.80,F
45075,137.72912,63.51363,4.67,A
45080,137.74206,-58.96690,3.43,B
45085,137.76834,-44.86790,4.99,B
45101,137.81977,-62.31698,3.96,B
45238,138.30061,-69.71721,1.67,A
45290,138.45088,43.21782,5.30,B
45328,138.57502,-55.56963,5.26,G
45333,138.58562,61.42332,5.18,F
45336,138.59107,2.31428,3.89,B
45344,138.60204,-43.22749,5.24,B
45410,138.80772,14.94151,5.36,K
45439,138.90300,-38.56994,4.92,K
45448,138.93783,-37.41314,4.63,F
45455,138.95748,56.74141,5.28,K
45493,139.04712,54.02186,4.80,A
45496,139.05036,-57.54147,4.34,M
45505,139.09599,-44.26573,5.12,K
45526,139.17237,-8.74476,5.49,B
45527,139.17390,-6.35314,5.24,K
45544,139.23784,-39.40154,5.31,K
45556,139.27257,-59.27523,2.21,A
45571,139.32224,-68.68964,5.38,F
45581,139.35501,-74.89431,5.28,A
45631,139.52450,-51.05086,5.26,B
45688,139.71104,36.80260,3.82,A
45751,139.94326,-11.97485,4.77,G
45811,140.12091,-9.55570,4.80,F
45856,140.23675,-62.40463,4.79,G
45860,140.26388,34.39256,3.14,M
45902,140.37330,-25.96544,4.71,M
45941,140.52843,-55.01067,2.47,B
46026,140.80109,-28.83387,4.71,G
46107,141.04020,-80.78688,5.34,F
46146,141.16359,26.18232,4.47,K
46283,141.57486,-53.37891,5.09,B
46358,141.77682,-71.60189,5.46,K
46371,141.82665,-22.34378,4.72,K
46390,141.89685,-8.65860,1.99,K
46404,141.94492,-6.07119,5.38,G
46454,142.11417,9.05678,5.40,F
46471,142.16662,45.60148,5.40,K
46509,142.28707,-2.76896,4.59,F
46515,142.31134,-35.95134,4.51,K
46578,142.47711,-26.58962,5.49,K
46594,142.52132,-51.51716,5.45,B
46651,142.67511,-40.46677,3.60,F
46701,142.80557,-57.03438,3.16,K
46733,142.88180,63.06186,3.65,F
46735,142.88507,35.10327,5.39,M
46741,142.90128,-73.08091,5.46,K
46750,142.93013,22.96797,4.32,K
46771,142.98642,11.29983,4.99,K
46774,142.98990,9.71577,5.07,K
46776,142.99554,-1.18466,4.54,A
46811,143.08032,-40.64934,5.35,G
46853,143.21572,51.67730,3.17,F
46880,143.30192,-21.11572,5.02,K
46914,143.43561,-49.00507,5.12,B
46928,143.47286,-80.94126,5.07,B
46950,143.53665,-51.25527,5.01,B
46952,143.55576,36.39756,4.54,G
46974,143.61106,-59.22975,4.08,B
46977,143.62054,69.83034,4.54,G
47006,143.70607,52.05148,4.47,A
47029,143.76599,39.62149,4.81,K
47080,143.91501,35.81013,5.40,G
47175,144.20658,-49.35503,4.34,A
47193,144.27226,81.32638,4.28,K
47204,144.30276,-53.66851,5.44,A
47205,144.30277,6.83580,5.00,K
47300,144.59074,40.23979,5.28,F
47310,144.61369,4.64929,4.68,K
47391,144.83758,-61.32806,4.51,B
47431,144.96401,-1.14281,3.90,K
47452,145.07652,-14.33229,5.07,B
47479,145.17741,-57.98355,5.30,A
47508,145.28764,9.89231,3.52,A
47522,145.32087,-23.59151,4.76,B
47592,145.56016,-23.91557,4.93,G
47654,145.73843,72.25262,5.15,K
47723,145.93293,14.02169,5.36,M
47758,146.05041,-27.76947,4.78,A
47854,146.31176,-62.50790,3.69,G
47908,146.46282,23.77426,2.97,G
47956,146.58528,-76.77612,5.43,G
47965,146.63193,57.12807,5.09,M
48002,146.77554,-65.07201,2.92,A
48113,147.14715,46.02101,5.08,G
48224,147.48812,-45.73274,5.09,B
48319,147.74801,59.03874,3.78,F
48356,147.86955,-14.84660,4.11,G
48374,147.91947,-46.54762,4.58,G
48390,147.97098,24.39537,5.29,A
48402,148.02649,54.06433,4.55,A
48437,148.12681,-8.10503,5.07,A
48455,148.19097,26.00695,3.88,K
48559,148.55138,-25.93235,4.87,K
48615,148.71755,-19.00936,4.94,K
48682,148.92918,49.81984,5.27,A
48774,149.21562,-54.56779,3.52,B
48833,149.42115,41.05563,5.11,F
48883,149.55573,12.44480,5.26,B
48926,149.71787,-35.89097,5.23,A
49005,149.96543,56.81181,5.50,K
49029,150.05336,8.04422,4.68,M
49081,150.25296,31.92367,5.37,G
49402,151.28112,-13.06463,4.60,B
49485,151.54673,-47.37000,5.06,K
49583,151.83313,16.76266,3.48,A
49593,151.85731,35.24469,4.49,A
49637,151.97613,9.99751,4.39,K
49641,151.98450,-0.37164,4.48,A
49669,152.09298,11.96721,1.36,B
49698,152.17835,-65.81544,5.26,K
49712,152.23435,-51.81126,4.85,B
49809,152.52453,-12.81592,5.30,F
49841,152.64701,-12.35408,3.61,K
50070,153.34524,-51.23297,5.27,A
50083,153.37776,-66.37281,5.15,A
50099,153.43442,-70.03790,3.29,B
50191,153.68410,-42.12194,3.85,A
50303,154.06015,29.31050,5.49,A
50333,154.16975,13.72833,5.42,M
50335,154.17257,23.41731,3.43,F
50371,154.27080,-61.33230,3.39,K
50372,154.27428,42.91436,3.45,A
50414,154.40751,-8.06891,5.25,F
50555,154.90315,-55.02931,4.59,K
50564,154.93407,19.47091,4.78,F
50583,154.99309,19.84149,2.01,K
50676,155.22835,-56.04322,4.50,B
50799,155.58162,-41.64996,4.82,K
50801,155.58232,41.49952,3.06,M
50847,155.74236,-66.90150,4.97,B
50888,155.87217,-38.00984,5.34,A
50933,156.03273,65.56642,4.94,A
50954,156.09888,-74.03161,3.99,F
51056,156.47843,33.79612,4.72,F
51069,156.52263,-16.83629,3.83,K
51172,156.78795,-31.06778,4.28,K
51192,156.85197,-57.63880,4.65,A
51232,156.96973,-58.73940,3.81,F
51233,156.97090,36.70721,4.20,G
51313,157.21911,-64.17228,5.27,K
51362,157.36959,-2.73908,5.19,B
51437,157.57282,-0.63703,5.08,B
51438,157.58371,-71.99279,4.72,A
51459,157.65691,55.98054,4.82,F
51495,157.75863,-73.22149,4.94,K
51502,157.77072,82.55859,5.25,F
51523,157.84162,-53.71548,4.89,F
51576,158.00615,-61.68533,3.30,B
51585,158.04906,14.13727,5.43,M
51624,158.20280,9.30659,3.84,B
51635,158.23695,-47.00335,5.02,K
51658,158.30797,40.42556,4.72,A
51718,158.50368,-23.74517,5.08,K
51775,158.70006,6.95375,5.07,G
51808,158.77317,75.71295,4.86,K
51814,158.79026,57.08264,5.16,F
51821,158.80357,-39.56259,5.50,C
51839,158.86749,-78.60779,4.11,M
51849,158.89710,-57.55764,4.45,K
51912,159.08559,-59.56439,5.08,K
51979,159.30721,-27.41263,4.87,M
51986,159.32576,-48.22562,3.84,A
52004,159.36280,-58.73334,5.47,A
52009,159.38863,-13.38454,4.89,C
52085,159.64565,-16.87657,4.91,G
52098,159.68005,31.97624,4.68,G
52102,159.68751,-59.18300,4.69,K
52154,159.82668,-55.60327,4.29,G
52353,160.48620,65.71628,5.12,K
52370,160.55889,-64.46643,4.76,B
52405,160.66904,-59.21576,5.36,B
52419,160.73924,-64.39445,2.74,B
52425,160.76683,69.07621,5.01,K
52457,160.85400,23.18840,5.08,A
52468,160.88458,-60.56662,4.58,K
52469,160.88733,46.20388,5.18,F
52502,161.02887,-63.96107,4.80,B
52595,161.31819,-80.46960,5.46,K
52633,161.44630,-80.54019,4.45,B
52638,161.46624,30.68231,5.36,A
52678,161.56904,-64.51456,5.33,B
52686,161.60226,18.89152,5.50,K
52689,161.60533,14.19464,5.49,G
52701,161.62333,-64.26324,5.23,B
52727,161.69232,-49.42025,2.69,G
52736,161.71347,-64.38347,4.87,B
52737,161.71690,-17.29687,5.44,A
52742,161.73951,-56.75719,5.14,B
52911,162.31429,10.54520,5.32,A
52943,162.40618,-16.19365,3.11,K
53154,163.12854,-57.24041,5.26,B
53229,163.32789,34.21487,3.79,K
53252,163.37304,-20.13873,5.23,F
53253,163.37339,-58.85317,3.78,K
53261,163.39366,54.58513,5.12,K
53273,163.43214,-2.12920,5.45,G
53295,163.49472,43.18996,4.66,A
53417,163.90335,24.74972,4.30,A
53426,163.93498,33.50693,5.02,K
53502,164.17934,-37.13777,4.60,K
53721,164.86680,40.43026,5.03,G
53740,164.94366,-18.29878,4.08,K
53773,165.03858,-42.22586,4.37,A
53781,165.06126,45.52628,5.47,K
53807,165.14021,3.61749,4.84,K
53824,165.18667,6.10145,4.98,A
53838,165.21014,39.21209,5.06,A
53907,165.45697,-2.48459,4.73,K
53910,165.46016,56.38243,2.34,A
53954,165.58240,20.17984,4.42,A
54061,165.93233,61.75103,1.81,F
54173,166.22582,-35.80468,5.43,A
54182,166.25429,7.33601,4.62,F
54204,166.33301,-27.29361,4.92,F
54301,166.63522,-62.42411,4.62,G
54360,166.81962,-42.63868,5.15,A
54461,167.14167,-61.94718,5.11,B
54463,167.14747,-58.97504,3.93,G
54477,167.18336,-28.08067,5.43,A
54539,167.41593,44.49849,3.00,K
54682,167.91453,-22.82585,4.46,A
54746,168.13787,-49.10100,5.37,A
54751,168.15008,-60.31762,4.59,A
54767,168.18852,-64.16977,5.22,B
54849,168.43980,-0.06950,5.40,A
54872,168.52707,20.52372,2.56,A
54879,168.56002,15.42957,3.33,A
54951,168.80095,23.09550,4.56,M
55016,168.96625,13.30758,5.31,K
55084,169.16542,-3.65160,4.45,A
55137,169.32251,2.01056,5.18,M
55219,169.61974,33.09431,3.49,K
55266,169.78296,38.18556,4.76,A
55282,169.83521,-14.77854,3.56,K
55425,170.25175,-54.49102,3.90,B
55434,170.28414,6.02932,4.05,B
55560,170.70663,43.48270,4.99,G
55588,170.80285,-36.16477,5.00,K
55597,170.83925,-64.95471,5.09,B
55598,170.84123,-18.77997,5.08,F
55642,170.98104,10.52951,4.00,F
55650,171.00969,1.40776,5.39,G
55687,171.15246,-10.85932,4.81,K
55705,171.22053,-17.68401,4.06,A
55756,171.37278,-36.06306,5.21,K
55779,171.43076,-63.97248,5.18,F
55831,171.64761,-61.11517,5.22,B
55945,171.98433,2.85627,4.95,G
56000,172.14620,-42.67420,5.14,B
56034,172.26722,39.33697,5.30,A
56127,172.57872,-3.00350,4.77,K
56211,172.85111,69.33108,3.82,M
56243,172.94196,-59.44206,5.07,G
56250,172.95334,-59.51565,5.12,A
56280,173.06835,-29.26102,4.93,F
56290,173.08646,61.08252,5.46,F
56332,173.22555,-31.08723,5.13,M
56343,173.25057,-31.85762,3.54,G
56391,173.40506,-40.58664,5.39,A
56480,173.69033,-54.26409,4.62,B
56497,173.73710,-49.13649,5.50,K
56561,173.94545,-63.01984,3.11,B
56573,173.98156,-47.64164,5.26,A
56583,174.01116,69.32295,5.19,K
56633,174.17047,-9.80225,4.70,B
56647,174.23721,-0.82375,4.30,G
56656,174.25278,-61.28344,5.14,K
56700,174.39171,-47.74731,5.46,K
56754,174.53056,-61.82656,5.15,B
56779,174.61503,8.13430,5.24,M
56802,174.66673,-13.20194,5.48,F
56862,174.87340,-65.39777,5.01,G
56922,175.05331,-34.74466,4.70,B
56975,175.19613,21.35273,5.26,K
56986,175.22352,-62.09010,4.93,G
56997,175.26256,34.20164,5.31,G
57047,175.43312,-32.49940,5.20,K
57111,175.61834,66.74491,5.32,K
57175,175.87998,-62.48940,5.00,F
57283,176.19073,-18.35067,4.71,G
57328,176.32100,8.25812,4.84,A
57363,176.40212,-66.72876,3.63,A
57371,176.43324,-45.69013,5.28,B
57380,176.46483,6.52938,4.04,M
57399,176.51272,47.77941,3.69,K
57439,176.62848,-61.17840,4.11,G
57443,176.63064,-40.50035,4.89,G
57477,176.73174,55.62819,5.27,K
57512,176.82981,-57.69650,5.42,K
57562,176.97876,8.24590,5.31,A
57565,176.99643,20.21893,4.50,A
57581,177.06045,-66.81491,4.75,K
57613,177.18786,-26.74978,5.10,M
57632,177.26494,14.57206,2.14,A
57669,177.42115,-63.78848,4.30,B
57696,177.48593,-70.22579,4.98,G
57757,177.67383,1.76472,3.59,F
57803,177.78628,-45.17347,4.47,K
57851,177.96355,-65.20591,4.89,B
57936,178.22719,-33.90812,4.29,A
58001,178.45752,53.69476,2.41,A
58082,178.67724,-25.71389,5.26,G
58188,179.00399,-17.15083,5.17,A
58379,179.56347,-56.31731,5.44,B
58484,179.90694,-78.22184,4.88,B
58510,179.98713,3.65520,5.36,A
58587,180.21317,-19.65898,5.28,B
58590,180.21829,6.61432,4.65,A
58684,180.52859,43.04560,5.22,A
58758,180.75671,-63.31293,4.32,A
58803,180.91460,-42.43406,5.15,F
58867,181.08012,-63.16571,4.72,B
58884,181.16218,-68.32891,5.34,A
58905,181.19424,-76.51906,5.04,K
58948,181.30226,8.73298,4.12,G
59072,181.72030,-64.61373,4.14,F
59151,181.95848,-75.36702,5.17,K
59173,182.02182,-50.66128,4.46,B
59184,182.06133,-48.69249,5.34,A
59196,182.08965,-50.72243,2.58,B
59199,182.10337,-24.72887,4.02,F
59316,182.53119,-22.61977,3.02,K
59394,182.76601,-23.60242,5.45,A
59449,182.91303,-52.36846,3.97,B
59504,183.04967,77.61624,5.14,A
59654,183.51128,-45.72392,5.31,K
59747,183.78641,-58.74893,2.79,B
59774,183.85629,57.03262,3.32,A
59803,183.95155,-17.54193,2.58,B
59819,184.00079,14.89907,5.09,A
59847,184.08558,23.94541,4.93,K
59856,184.12560,33.06153,4.99,K
59929,184.39375,-67.96074,4.06,M
60000,184.58718,-79.31224,4.24,B
60009,184.60947,-64.00307,4.06,B
60030,184.66799,-0.78718,5.90,A
60044,184.70852,75.16056,5.47,A
60059,184.74912,-55.14300,5.01,M
60122,184.95299,48.98415,5.28,M
60129,184.97649,-0.66680,3.89,A
60172,185.08742,3.31257,4.97,K
60189,185.14020,-22.21590,5.20,B
60202,185.17929,17.79287,4.72,G
60221,185.23213,-13.56572,5.14,K
60260,185.34046,-60.40115,3.59,K
60320,185.53069,-67.52210,5.15,A
60351,185.62631,25.84616,4.78,F
60379,185.70604,-57.67613,5.38,B
60449,185.89761,-35.41268,5.32,B
60485,186.00621,51.56226,4.76,G
60514,186.07719,26.09861,5.17,A
60646,186.46230,39.01862,5.01,G
60697,186.60027,27.26824,4.92,F
60710,186.63237,-51.45063,4.82,B
60718,186.64966,-63.09909,0.77,B
60742,186.73449,28.26842,4.35,K
60746,186.74707,26.82570,4.98,A
60781,186.87028,-58.99176,5.38,M
60823,187.00996,-50.23063,3.91,B
60855,187.09362,-39.04117,5.45,B
60904,187.22795,25.91285,5.29,A
60941,187.36267,24.10892,5.47,F
60965,187.46608,-16.51543,2.94,B
60978,187.48900,58.40574,5.37,A
60998,187.52802,69.20112,5.01,M
61071,187.75235,24.56717,5.47,A
61084,187.79144,-57.11321,1.59,M
61136,187.91806,-59.42392,5.49,F
61174,188.01765,-16.19601,4.30,F
61199,188.11701,-72.13299,3.84,B
61281,188.37087,69.78824,3.85,B
61309,188.41215,33.24758,5.42,K
61317,188.43617,41.35748,4.24,G
61318,188.44479,-9.45208,5.48,A
61359,188.59681,-23.39676,2.65,G
61384,188.68353,70.02177,4.95,K
61394,188.71285,22.62926,4.80,A
61418,188.78234,18.37706,5.03,K
61468,188.93980,-41.02195,5.12,A
61585,189.29608,-69.13556,2.69,B
61621,189.42613,-27.13889,5.41,F
61622,189.42591,-48.54130,3.85,A
61724,189.78046,21.06256,5.49,G
61740,189.81153,-7.99556,4.66,K
61789,189.96891,-39.98730,4.63,B
61910,190.31647,-13.01390,5.17,F
61932,190.37957,-48.95989,2.20,A
61941,190.41518,-1.44938,2.74,F
61960,190.47107,10.23563,4.88,A
61966,190.48577,-59.68582,4.91,B
62012,190.64787,-48.81311,4.66,K
62027,190.70947,-63.05862,5.27,B
62131,191.00221,-28.32396,5.46,K
62223,191.28261,45.44026,5.42,C
62267,191.40441,7.67333,5.22,A
62268,191.40825,-60.98132,4.69,K
62322,191.57019,-68.10812,3.04,B
62327,191.59472,-56.48882,4.62,B
62356,191.66150,16.57769,5.12,K
62423,191.89310,66.79030,5.43,K
62434,191.93039,-59.68876,1.25,B
62572,192.30744,83.41290,5.38,A
62683,192.67154,-33.99930,4.90,B
62763,192.92467,27.54071,4.93,G
62867,193.27887,-48.94331,4.33,K
62886,193.32395,21.24494,4.89,G
62896,193.35910,-40.17887,4.25,A
62956,193.50708,55.95982,1.76,A
62985,193.58819,-9.53899,4.77,M
63003,193.64850,-57.17792,4.03,B
63005,193.65377,-57.16867,5.08,B
63007,193.66333,-59.14670,4.62,B
63031,193.74328,-85.12337,5.45,K
63066,193.83101,-42.91573,5.46,M
63076,193.86897,65.43847,5.23,A
63090,193.90087,3.39747,3.39,M
63117,193.98807,-56.83581,5.34,O
63125,194.00710,38.31838,2.89,A
63210,194.26818,-51.19875,5.17,B
63355,194.73102,17.40945,4.76,M
63432,194.97998,66.59727,5.37,K
63462,195.06864,30.78502,4.88,K
63503,195.18187,56.36634,4.93,F
63608,195.54417,10.95915,2.85,G
63613,195.56638,-71.54886,3.61,K
63724,195.88884,-49.52726,4.83,A
63901,196.43517,35.79890,5.20,B
63945,196.56963,-48.46329,4.71,B
64004,196.72770,-49.90625,4.27,B
64022,196.79469,27.62474,4.80,K
64078,196.97421,-10.74041,5.15,K
64094,197.02981,-65.30602,5.44,W
64166,197.26363,-23.11807,4.94,K
64238,197.48747,-5.53901,4.38,A
64241,197.49703,17.52943,4.32,F
64348,197.84683,-43.36855,5.24,K
64394,197.96856,27.87818,4.23,G
64407,198.01476,-16.19860,5.04,F
64408,198.01352,-37.80302,4.85,G
64425,198.07338,-59.92058,4.58,B
64540,198.42896,40.15288,4.94,K
64577,198.54542,-19.93095,5.31,G
64583,198.56367,-59.10323,4.90,F
64661,198.81240,-67.89459,4.79,B
64725,198.99483,-19.94310,5.21,K
64792,199.19382,9.42416,5.19,G
64803,199.22137,-31.50620,5.10,K
64820,199.30428,-66.78344,4.86,K
64823,199.31511,13.67575,5.33,K
64844,199.38568,40.57261,4.72,F
64852,199.40118,5.46987,4.78,M
64906,199.56051,49.68206,5.14,A
64924,199.60145,-18.31120,4.74,G
64962,199.73039,-23.17151,2.99,G
65109,200.14944,-36.71229,2.75,A
65112,200.15765,-52.74782,5.47,B
65271,200.65817,-60.98839,4.52,B
65301,200.75464,-17.73527,5.36,K
65378,200.98120,54.92536,2.23,A
65387,201.00192,-64.53567,4.52,G
65468,201.28041,-74.88782,5.04,K
65474,201.29825,-11.16132,0.98,B
65477,201.30620,54.98796,3.99,A
65479,201.30852,-64.48514,5.32,F
65535,201.53224,-39.75511,5.11,K
65581,201.67988,-12.70766,5.27,K
65639,201.86319,-15.97358,4.76,K
65721,202.10755,13.77879,4.97,G
65728,202.11304,59.94579,5.40,A
65810,202.35522,-51.16513,5.04,A
65936,202.76108,-39.40731,3.90,G
66006,202.99119,-6.25582,4.68,M
66098,203.24197,-10.16500,5.21,K
66200,203.53305,3.65897,4.92,A
66234,203.61375,49.01597,4.68,A
66249,203.67330,-0.59582,3.38,A
66257,203.69914,37.18241,4.91,F
66435,204.29596,71.24225,5.50,K
66458,204.36517,36.29490,4.82,A
66634,204.87708,52.92121,5.46,A
66657,204.97194,-53.46639,2.29,B
66738,205.18451,54.68163,4.63,M
66803,205.40324,-8.70298,5.03,M
66821,205.43662,-54.55942,4.99,B
66849,205.50460,-58.78708,5.38,B
66936,205.76547,3.53790,5.35,K
67153,206.42207,-33.04372,4.23,F
67172,206.48466,-12.42653,5.50,G
67234,206.66406,-51.43277,4.64,G
67244,206.73480,-36.25193,5.15,A
67275,206.81565,17.45691,4.50,F
67288,206.85579,-17.85984,5.41,M
67301,206.88531,49.31327,1.85,B
67304,206.91078,-50.32068,5.46,K
67457,207.36136,-34.45078,4.19,M
67459,207.36935,15.79791,4.05,K
67464,207.37617,-41.68771,3.41,B
67472,207.40414,-42.47373,3.47,B
67480,207.42846,21.26411,4.92,K
67494,207.46787,-18.13417,4.96,K
67627,207.85808,64.72327,4.58,M
67665,207.94782,34.44424,4.76,K
67669,207.95668,-32.99409,4.32,B
67703,208.02032,-52.81153,5.26,B
67786,208.30226,-31.92761,4.75,B
67927,208.67117,18.39772,2.68,G
67929,208.67560,-1.50313,5.16,K
68002,208.88501,-47.28838,2.55,B
68103,209.14240,27.49208,5.02,K
68191,209.41213,-63.68670,4.71,K
68245,209.56779,-42.10075,3.83,B
68269,209.62978,-24.97225,5.20,B
68282,209.66980,-44.80358,3.87,B
68520,210.41164,1.54453,4.23,A
68523,210.43122,-45.60342,4.34,F
68581,210.59493,-27.42977,5.47,K
68702,210.95594,-60.37304,0.61,B
68756,211.09748,64.37585,3.67,A
68862,211.51155,-41.17963,4.36,B
68895,211.59289,-26.68236,3.25,K
68933,211.67093,-36.36995,2.06,K
68940,211.67844,-9.31352,5.46,F
69038,211.98231,43.85445,5.13,M
69068,212.07217,49.45817,5.26,M
69112,212.21247,77.54751,4.80,K
69191,212.47863,-53.43895,4.74,G
69226,212.59973,25.09168,4.82,F
69269,212.71035,-16.30203,4.93,M
69373,213.01683,69.43255,5.18,M
69389,213.06585,2.40943,4.99,B
69415,213.19178,-27.26119,5.07,K
69427,213.22393,-10.27370,4.18,K
69483,213.37077,51.78997,4.53,A
69612,213.71187,10.10061,5.29,K
69618,213.73812,-57.08613,5.03,B
69673,213.91545,19.18241,-0.05,K
69701,214.00362,-6.00055,4.07,F
69713,214.04158,51.36723,4.75,A
69732,214.09611,46.08830,4.18,A
69879,214.49925,35.50950,4.80,K
69896,214.55815,-81.00776,4.89,A
69974,214.77747,-13.37110,4.52,A
69989,214.81782,13.00430,5.41,F
69996,214.85094,-46.05809,3.55,B
70012,214.88533,-2.26552,5.14,G
70027,214.93850,16.30695,4.84,K
70035,214.96503,-61.27297,5.22,A
70069,215.08145,-56.38650,4.30,B
70090,215.13934,-37.88529,4.05,A
70104,215.17739,-45.18706,4.78,F
70248,215.59662,-80.10895,5.06,B
70264,215.65456,-58.45912,4.76,G
70300,215.75934,-39.51182,4.41,B
70306,215.77413,-27.75402,4.78,K
70327,215.84457,8.44662,4.86,A
70400,216.04726,5.82013,5.10,A
70469,216.20262,-24.80631,5.34,K
70497,216.29951,51.85074,4.04,F
70574,216.53429,-45.22142,4.56,B
70576,216.54504,-45.37928,4.33,A
70602,216.61402,19.22690,5.40,F
70638,216.73201,-83.66788,4.31,K
70692,216.88137,75.69599,4.25,K
70753,217.04346,-29.49164,4.97,B
70755,217.05057,-2.22796,4.81,G
70794,217.17384,-6.90054,5.42,K
70931,217.58734,-49.51902,5.38,A
71053,217.95750,30.37144,3.57,K
71075,218.01954,38.30825,3.04,A
71121,218.15443,-50.45716,4.44,B
71284,218.67000,29.74513,4.47,F
71352,218.87679,-42.15782,2.33,B
71500,219.33399,-46.13344,5.39,K
71536,219.47181,-49.42583,4.05,B
71618,219.70934,44.40450,5.39,A
71681,219.90519,-60.83830,1.35,K
71683,219.91147,-60.83398,-0.01,G
71762,220.18152,16.41832,4.49,B
71795,220.28730,13.72830,3.78,A
71832,220.41145,8.16176,4.86,G
71860,220.48235,-47.38820,2.30,B
71865,220.48998,-37.79350,4.01,B
71908,220.62738,-64.97514,3.18,F
71957,220.76510,-5.65821,3.87,F
71995,220.85568,26.52785,4.80,M
72010,220.91436,-35.17365,4.06,K
72104,221.24667,-35.19183,4.92,A
72105,221.24676,27.07422,2.35,A
72125,221.31025,16.96428,4.60,K
72131,221.32203,-62.87565,5.36,A
72197,221.50036,-25.44318,5.15,F
72220,221.56218,1.89288,3.73,A
72290,221.75541,-52.38352,5.22,G
72357,221.93668,-26.08750,5.23,G
72370,221.96552,-79.04475,3.83,K
72489,222.32939,-14.14902,5.32,A
72571,222.57220,-27.96037,4.42,K
72582,222.62365,37.27205,5.47,K
72603,222.67159,-15.99724,5.15,F
72607,222.67658,74.15551,2.07,K
72622,222.71965,-16.04178,2.75,A
72631,222.75447,-2.29915,4.93,G
72659,222.84740,19.10046,4.54,G
72664,222.86043,59.29398,5.48,K
72683,222.90962,-43.57536,4.32,B
72800,223.21283,-37.80316,5.02,B
72929,223.58388,-24.64220,5.27,K
73036,223.89431,-60.11416,5.18,K
73049,223.93628,-33.85578,5.32,A
73095,224.07184,-52.80955,5.38,A
73129,224.18331,-62.78102,5.08,B
73133,224.19213,-11.40970,5.48,K
73165,224.29583,-4.34646,4.47,F
73199,224.39614,65.93246,4.63,M
73223,224.47133,-76.66266,5.37,K
73273,224.63305,-43.13396,2.68,B
73334,224.79037,-42.10419,3.13,B
73473,225.24312,-8.51894,4.91,B
73555,225.48654,40.39057,3.49,G
73568,225.52711,25.00814,4.80,K
73620,225.72516,2.09130,4.39,K
73624,225.74698,-32.64329,5.45,B
73695,225.94761,47.65406,4.83,G
73714,226.01758,-25.28196,3.25,M
73745,226.11147,26.94765,4.52,K
73776,226.20045,-64.03135,5.16,G
73807,226.27954,-47.05125,3.91,B
73826,226.32984,-41.06724,5.13,G
73909,226.56957,54.55632,5.24,G
73945,226.65666,-16.25682,5.19,K
73996,226.82523,24.86920,4.93,F
74117,227.21091,-45.27986,4.07,B
74305,227.81660,-55.34603,5.45,G
74376,227.98377,-48.73782,3.88,B
74392,228.05538,-19.79171,4.54,A
74395,228.07140,-52.09925,3.41,G
74449,228.20664,-44.50041,4.83,B
74596,228.62152,29.16429,5.28,A
74604,228.65550,-31.51912,4.91,F
74605,228.65889,67.34672,5.15,F
74649,228.79731,4.93936,5.32,K
74666,228.87564,33.31483,3.46,G
74707,229.01677,-41.49115,5.15,F
74778,229.23707,-60.95726,5.04,O
74785,229.25173,-9.38292,2.61,B
74793,229.27452,71.82390,5.02,K
74824,229.37875,-58.80121,4.07,A
74837,229.41204,-63.61046,4.85,K
74857,229.45767,-30.14867,4.35,K
74911,229.63345,-47.87527,4.27,B
74941,229.70477,-60.49633,5.43,O
74946,229.72772,-68.67955,2.87,A
74975,229.82832,1.76541,5.04,F
75097,230.18224,71.83402,3.00,A
75119,230.25831,0.71534,5.35,K
75141,230.34302,-40.64752,3.22,B
75177,230.45160,-36.26138,3.57,K
75178,230.45243,32.93370,5.38,B
75206,230.53463,-47.92779,4.99,F
75264,230.67032,-44.68962,3.37,B
75304,230.78896,-36.85849,4.54,B
75312,230.80125,30.28781,4.99,G
75323,230.84438,-59.32079,4.48,B
75379,231.04954,-10.32227,4.92,F
75411,231.12271,37.37717,4.31,F
75439,231.18756,-39.71027,5.36,A
75458,231.23241,58.96607,3.29,K
75501,231.33428,-38.73362,4.60,A
75530,231.44748,15.42804,5.16,M
75572,231.57249,34.33600,5.46,K
75647,231.82556,-36.76756,5.46,B
75695,231.95727,29.10570,3.66,F
75761,232.15932,1.84208,5.15,A
75828,232.35112,-46.73270,5.26,K
75973,232.73232,40.83305,5.04,K
76008,232.85429,77.34935,5.00,K
76013,232.87842,-73.38959,5.40,B
76041,232.94577,40.89933,4.98,A
76106,233.15292,-19.67046,5.50,A
76127,233.23243,31.35913,4.14,B
76133,233.24140,-1.18640,5.50,K
76219,233.54457,-10.06453,4.61,K
76243,233.61048,-9.18342,5.16,B
76259,233.65550,-28.04698,5.13,K
76267,233.67192,26.71469,2.22,A
76276,233.70061,10.53887,3.80,F
76297,233.78521,-41.16676,2.80,B
76307,233.81214,39.01007,5.14,M
76333,233.88157,-14.78954,3.91,K
76371,233.97189,-44.95839,4.55,B
76397,234.05046,-44.39682,5.44,M
76425,234.12324,10.01018,5.26,K
76440,234.18000,-66.31704,4.11,K
76470,234.25605,-28.13508,3.60,K
76534,234.45661,40.35343,5.25,G
76552,234.51348,-42.56735,4.34,K
76600,234.66405,-29.77775,3.66,B
76618,234.70619,-52.37270,5.43,B
76628,234.72732,-19.30189,5.36,G
76669,234.84449,36.63581,4.64,B
76705,234.94158,-34.41193,4.66,G
76742,235.07040,-23.81808,4.97,K
76829,235.29757,-44.66121,4.64,F
76852,235.38774,19.67040,4.51,A
76866,235.44756,12.84753,5.34,A
76880,235.48667,-19.67883,4.75,K
76939,235.65967,-37.42493,5.23,G
76945,235.67092,-34.71041,4.75,B
76952,235.68572,26.29564,3.81,A
76957,235.71160,52.36090,5.48,B
77055,236.01449,77.79449,4.29,A
77060,236.01834,-15.67283,5.41,A
77070,236.06697,6.42563,2.63,K
77227,236.52349,-1.80419,5.39,B
77233,236.54690,15.42183,3.65,A
77257,236.61090,7.35307,4.42,G
77277,236.66658,62.59956,5.19,A
77450,237.18490,18.14156,4.09,M
77512,237.39855,26.06839,4.59,G
77516,237.40503,-3.43021,3.54,A
77578,237.57310,2.19651,5.21,G
77622,237.70403,4.47773,3.71,A
77634,237.73974,-33.62716,3.97,B
77635,237.74478,-25.75129,4.63,B
77655,237.80805,35.65738,4.79,K
77660,237.81497,-3.09050,5.09,A
77661,237.81630,20.97792,4.74,K
77760,238.16854,42.45152,4.60,F
77811,238.33357,-20.16704,5.04,B
77840,238.40300,-25.32714,4.59,B
77853,238.45639,-16.72929,4.13,K
77858,238.47465,-24.53316,5.38,B
77859,238.48277,-23.97809,5.41,B
77902,238.64423,20.31097,5.45,M
77907,238.65774,43.13857,5.35,M
77952,238.78625,-63.43073,2.83,F
77982,238.87337,-68.60300,5.11,G
78012,238.94826,37.94696,5.43,F
78072,239.11323,15.66162,3.85,F
78104,239.22115,-29.21407,3.87,B
78105,239.22289,-33.96613,5.14,A
78159,239.39691,26.87788,4.14,K
78180,239.44794,54.74976,4.96,F
78207,239.54737,-14.27936,4.95,B
78246,239.64528,-24.83149,5.43,B
78265,239.71298,-26.11410,2.89,B
78323,239.87615,-41.74444,4.99,G
78384,240.03054,-38.39671,3.42,B
78400,240.08170,-16.53335,5.47,F
78401,240.08335,-22.62171,2.29,B
78459,240.26118,33.30351,5.39,G
78481,240.30966,17.81840,5.10,G
78493,240.36070,29.85106,4.98,A
78527,240.47298,58.56525,4.01,F
78554,240.57372,22.80445,4.82,A
78592,240.69951,46.03670,4.72,B
78639,240.80368,-49.22969,4.65,G
78650,240.83595,-25.86524,4.96,K
78655,240.85080,-38.60254,4.90,B
78662,240.88397,-57.77506,4.63,A
78820,241.35930,-19.80545,2.56,B
78821,241.36065,-19.80186,4.90,B
78893,241.58212,67.81013,5.44,A
78914,241.62264,-45.17318,4.73,A
78918,241.64811,-36.80229,4.22,B
78933,241.70178,-20.66919,3.93,B
78970,241.81752,-36.75568,5.72,F
78990,241.85136,-20.86876,4.31,G
79043,242.01887,17.04698,5.00,G
79050,242.03159,-26.32668,5.35,M
79101,242.19243,44.93491,4.23,B
79119,242.24294,36.49094,4.73,K
79195,242.46050,-3.46673,5.39,K
79199,242.46913,-33.54581,5.50,B
79280,242.70636,75.87756,5.48,B
79302,242.75865,-29.41622,5.09,K
79374,242.99889,-19.46071,4.00,B
79375,242.99995,-10.06425,4.93,A
79387,243.03048,-8.54758,5.43,A
79404,243.07585,-27.92637,4.58,B
79488,243.31430,5.02109,5.46,K
79509,243.36972,-54.63047,4.95,G
79540,243.46210,-11.83775,5.24,K
79593,243.58641,-3.69432,2.73,M
79607,243.67035,33.85861,5.23,F
79653,243.81385,-47.37202,5.13,B
79664,243.85946,-63.68568,3.86,G
79672,243.90528,-8.36944,5.49,G
79754,244.18031,-53.81111,5.45,M
79790,244.25389,-50.06812,4.97,F
79804,244.31392,59.75502,5.37,M
79822,244.37687,75.75533,4.95,F
79881,244.57460,-28.61402,4.80,A
79882,244.58037,-4.69251,3.23,G
79963,244.82352,-42.67397,5.44,A
79992,244.93517,46.31337,3.91,B
80000,244.96031,-50.15551,4.01,G
80008,244.97985,39.70858,5.48,F
80047,245.08678,-78.69575,4.68,M
80057,245.11192,-78.66750,5.27,K
80079,245.15908,-24.16932,4.55,A
80112,245.29715,-25.59280,2.90,B
80161,245.45304,69.10939,5.26,K
80170,245.48007,19.15313,3.74,A
80179,245.51813,1.02904,4.82,F
80181,245.52430,30.89200,4.86,K
80197,245.58927,33.79905,5.20,M
80208,245.61666,-49.57235,5.32,B
80214,245.62175,33.70348,5.40,K
80331,245.99790,61.51421,2.73,G
80337,246.00533,-39.19298,5.37,G
80343,246.02577,-20.03733,4.48,K
80390,246.13232,-37.56604,5.42,B
80399,246.16569,-29.70466,5.40,G
80463,246.35397,14.03327,4.57,B
80473,246.39633,-23.44718,4.57,B
80569,246.75599,-18.45625,4.22,B
80582,246.79601,-47.55479,4.46,B
80620,246.93107,-7.59793,5.24,M
80628,246.95077,-8.37173,4.62,A
80645,246.98877,-64.05794,5.28,F
80650,246.99600,68.76814,4.94,A
80686,247.11633,-70.08440,4.90,F
80693,247.14159,0.66500,5.41,K
80704,247.16060,41.88168,4.83,M
80763,247.35192,-26.43200,1.06,M
80782,247.42636,-46.24323,5.35,B
80815,247.55199,-25.11522,4.79,B
80816,247.55502,21.48961,2.78,G
80843,247.63980,20.47919,5.24,G
80874,247.70569,-61.63350,5.19,K
80883,247.72844,1.98392,3.82,A
80894,247.78486,-16.61273,4.29,G
80911,247.84555,-34.70437,4.24,B
80945,247.92404,-41.81714,5.31,B
80975,248.03417,-21.46639,4.45,A
81008,248.15122,11.48804,4.84,K
81065,248.36413,-78.89715,3.86,K
81122,248.52092,-44.04532,4.86,B
81126,248.52576,42.43704,4.20,B
81141,248.58066,-70.98810,5.50,K
81252,248.93662,-65.49540,5.50,G
81266,248.97065,-28.21602,2.82,B
81292,249.05718,52.92442,5.07,B
81304,249.09363,-35.25533,4.18,K
81305,249.09402,-42.85886,5.46,O
81377,249.28974,-10.56709,2.54,O
81437,249.50193,56.01554,5.28,K
81497,249.68691,48.92834,4.86,M
81660,250.22967,64.58905,4.84,K
81693,250.32170,31.60273,2.81,F
81724,250.39326,-17.74217,4.91,G
81833,250.72399,38.92225,3.48,G
81852,250.77189,-77.51744,4.23,K
82020,251.32419,56.78186,4.84,F
82073,251.45789,8.58262,5.15,K
82080,251.49238,82.03726,4.21,G
82129,251.66668,-67.10969,5.10,A
82135,251.69984,-39.37696,5.48,K
82216,251.94340,5.24675,5.22,B
82273,252.16616,-69.02772,1.91,K
82321,252.30922,45.98332,4.82,A
82363,252.44640,-59.04138,3.77,K
82369,252.45845,-10.78300,4.64,F
82396,252.54120,-34.29323,2.29,K
82402,252.58075,7.24768,5.48,A
82493,252.89050,-41.23053,5.23,O
82504,252.93860,24.65643,5.03,K
82514,252.96764,-38.04738,3.00,B
82545,253.08394,-38.01754,3.56,B
82587,253.24194,31.70167,5.34,F
82671,253.49886,-42.36203,4.70,B
82673,253.50196,10.16536,4.39,B
82676,253.50765,-41.80639,5.46,B
82729,253.64597,-42.36131,3.62,K
82730,253.64873,-6.15398,5.23,K
82764,253.72986,20.95849,5.39,G
82802,253.84238,18.43321,5.35,K
82860,254.00625,65.13480,4.88,F
82960,254.29656,-33.25949,5.48,K
83000,254.41708,9.37503,3.19,K
83081,254.65509,-55.99014,3.12,K
83153,254.89603,-53.16044,4.06,K
83207,255.07240,30.92640,3.92,A
83262,255.26501,-4.22264,4.82,K
83313,255.40150,33.56827,5.27,A
83336,255.46935,-32.14352,5.03,B
83430,255.78279,14.09195,4.97,M
83431,255.78629,-53.23703,5.27,F
83574,256.20564,-34.12293,4.83,B
83608,256.33393,54.47004,4.91,F
83613,256.34454,12.74083,4.89,A
83838,257.00860,35.93517,5.41,A
83895,257.19672,65.71468,3.17,B
83947,257.38857,40.77703,5.07,K
83962,257.44979,-10.52330,5.43,F
84012,257.59452,-15.72491,2.43,A
84033,257.67638,-44.55772,5.06,G
84143,258.03828,-43.23919,3.32,F
84177,258.11588,10.58517,5.32,M
84345,258.66190,14.39033,2.78,M
84379,258.75796,24.83920,3.12,A
84380,258.76182,36.80916,3.16,K
84405,258.83754,-26.60283,4.33,K
84514,259.15285,-0.44530,4.72,K
84573,259.33153,33.10010,4.80,B
84606,259.41775,37.29150,4.64,A
84626,259.50284,-24.28690,5.14,K
84671,259.65413,10.86448,5.03,K
84720,259.76482,-46.63623,5.47,M
84821,260.04098,25.53760,5.36,A
84833,260.07862,18.05708,5.01,M
84862,260.16480,32.46774,5.38,G
84880,260.20692,-12.84688,4.32,A
84887,260.22586,24.49943,5.13,A
84893,260.25151,-21.11293,4.39,F
84969,260.49796,-67.77067,4.76,K
84970,260.50241,-24.99955,3.27,B
84979,260.52449,-70.12321,5.39,B
85079,260.81699,-47.46820,5.21,B
85084,260.83997,-28.14283,5.30,K
85112,260.92062,37.14595,4.15,B
85162,261.05454,-44.16258,5.10,B
85258,261.32497,-55.52988,2.84,K
85267,261.34858,-56.37773,3.31,B
85312,261.50016,-50.63351,5.19,K
85340,261.59256,-24.17531,4.16,A
85355,261.62867,4.14036,4.34,K
85365,261.65784,-5.08660,4.53,F
85389,261.71658,-45.84303,5.28,B
85423,261.83863,-29.86703,4.28,F
85537,262.20690,0.33063,5.41,A
85667,262.59915,-1.06292,5.31,G
85670,262.60820,52.30139,2.79,G
85693,262.68462,26.11065,4.41,K
85696,262.69098,-37.29581,2.70,B
85727,262.77477,-60.68385,3.60,B
85755,262.85397,-23.96264,4.78,A
85792,262.96043,-49.87615,2.84,B
85805,262.99117,68.13502,5.07,K
85819,263.04377,55.18424,4.89,A
85822,263.05377,86.58646,4.35,A
85829,263.06651,55.17296,4.86,A
85927,263.40217,-37.10382,1.62,B
86032,263.73361,12.56003,2.08,A
86036,263.74755,61.87455,5.23,G
86092,263.91498,-46.50568,4.56,A
86170,264.13681,-38.63531,4.26,G
86182,264.15686,48.58563,5.35,K
86201,264.23789,68.75797,4.77,F
86228,264.32970,-42.99782,1.86,F
86263,264.39668,-15.39856,3.54,F
86284,264.46131,-8.11877,4.58,B
86305,264.52307,-54.50043,5.25,A
86414,264.86621,46.00633,3.82,B
86486,265.09914,-49.41559,4.76,F
86565,265.35364,-12.87531,4.24,A
86614,265.48467,72.14884,4.57,F
86670,265.62198,-39.02998,2.39,B
86736,265.85749,-21.68319,4.86,F
86742,265.86815,4.56730,2.76,K
86796,266.03628,-51.83405,5.12,G
86929,266.43331,-64.72387,3.61,K
86974,266.61478,27.72068,3.42,G
87072,266.89011,-27.83079,4.53,F
87073,266.89617,-40.12700,2.99,F
87108,266.97316,2.70728,3.75,A
87194,267.20478,25.62287,5.09,K
87212,267.26793,50.78108,5.02,A
87220,267.29366,-31.70320,4.79,B
87234,267.36232,76.96288,5.02,F
87261,267.46447,-37.04330,3.19,K
87294,267.54630,-40.09043,4.78,A
87563,268.32511,40.00796,5.17,K
87585,268.38201,56.87264,3.73,K
87728,268.79643,72.00513,5.43,F
87747,268.85495,26.04999,5.47,F
87808,269.06325,37.25054,3.86,K
87833,269.15155,51.48889,2.24,K
87846,269.19761,-44.34225,4.85,K
87847,269.19894,-4.08182,5.44,G
87933,269.44116,29.24788,3.70,K
87936,269.44918,-41.71630,4.88,M
87998,269.62562,30.18928,4.41,F
88048,269.75663,-9.77363,3.32,K
88060,269.77200,-30.25303,5.00,K
88116,269.94815,-23.81613,4.74,B
88128,270.01423,16.75092,4.67,K
88149,270.06582,4.36862,4.79,B
88175,270.12087,-3.69027,4.62,F
88192,270.16131,2.93157,3.93,B
88267,270.37670,21.59578,4.26,G
88290,270.43833,1.30508,4.42,A
88331,270.59604,20.83363,5.25,B
88380,270.71290,-24.28247,5.37,F
88404,270.77050,-8.18035,4.77,F
88567,271.25511,-29.58009,4.66,G
88601,271.36370,2.50010,4.03,K
88635,271.45204,-30.42409,2.98,K
88657,271.50792,22.21888,4.96,M
88714,271.65780,-50.09148,3.65,B
88726,271.70787,-43.42522,4.92,A
88745,271.75646,30.56214,5.05,F
88765,271.82650,8.73387,4.64,G
88771,271.83744,9.56385,3.71,A
88788,271.86975,43.46189,5.00,G
88794,271.88562,28.76249,3.84,B
88836,272.00939,36.40126,5.49,K
88839,272.02074,-28.45709,4.55,K
88866,272.14500,-63.66855,4.33,A
88886,272.18955,20.81456,4.37,B
88899,272.22027,20.04523,5.10,A
89042,272.60922,-62.00220,5.47,G
89065,272.66791,3.32426,5.50,K
89112,272.80735,-45.95442,4.52,G
89153,272.93055,-23.70124,4.96,K
89172,272.97566,31.40535,4.96,M
89290,273.30291,-41.33611,5.47,B
89341,273.44088,-21.05883,3.84,B
89348,273.47318,64.39729,4.99,F
89369,273.56625,-21.71316,5.49,K
89439,273.80378,-20.72827,5.29,B
89507,273.97264,-44.20646,5.45,G
89605,274.28139,-56.02335,5.36,B
89642,274.40690,-36.76169,3.10,M
89678,274.51329,-27.04264,4.66,K
89772,274.78974,7.25977,5.41,K
89773,274.79449,24.44606,5.30,K
89826,274.96546,36.06455,4.33,K
89851,275.03663,-15.83170,5.39,K
89861,275.07464,21.96130,4.92,M
89908,275.18932,71.33781,4.22,A
89918,275.21693,3.37717,4.85,G
89931,275.24850,-29.82810,2.72,K
89935,275.25425,28.86995,5.12,A
89937,275.26104,72.73284,3.55,F
89962,275.32751,-2.89882,3.23,K
89981,275.38612,49.12159,5.02,M
90023,275.53625,23.28518,5.41,K
90037,275.57742,-38.65689,5.09,K
90067,275.70432,17.82662,5.25,K
90074,275.72115,-36.66956,5.33,B
90098,275.80676,-61.49390,4.35,M
90133,275.90184,-75.04428,5.47,A
90135,275.91494,-8.93438,4.66,K
90139,275.92451,21.76975,3.85,K
90156,275.97760,58.80074,4.98,A
90185,276.04302,-34.38462,1.79,B
90191,276.05745,39.50724,5.11,A
90200,276.07601,-44.11026,5.24,B
90289,276.33767,-20.54168,4.81,A
90344,276.49604,65.56348,4.82,K
90414,276.72504,-48.11724,5.44,K
90422,276.74341,-45.96846,3.49,B
90441,276.80212,0.19611,5.20,G
90496,276.99268,-25.42170,2.82,K
90568,277.20758,-49.07059,4.10,G
90595,277.29939,-14.56581,4.67,A
90642,277.42076,-1.98531,5.38,K
90763,277.77018,-32.98911,5.37,A
90797,277.84344,-62.27830,4.63,B
90806,277.85956,-18.40270,5.12,B
90830,277.93930,-45.91481,4.92,B
90853,278.00811,-45.75738,5.07,B
90887,278.08885,-39.70400,5.16,A
90905,278.14384,57.04560,4.77,F
90913,278.18050,-14.86566,5.47,K
90923,278.20815,30.55421,5.47,B
90982,278.37574,-42.31251,4.62,G
91004,278.47285,-24.03228,5.49,K
91013,278.48624,52.35352,5.38,K
91014,278.49069,-33.01656,5.28,B
91105,278.75997,-10.97721,5.12,G
91117,278.80177,-8.24407,3.85,K
91217,279.11597,9.12249,5.38,F
91235,279.15560,33.46904,5.41,B
91237,279.16281,6.67180,5.43,F
91262,279.23460,38.78369,0.03,A
91494,279.89652,-43.18588,5.42,M
91726,280.56844,-9.05255,4.70,F
91755,280.65814,55.53946,5.03,B
91792,280.75890,-71.42811,4.01,K
91845,280.88022,-8.27521,4.88,G
91875,280.94559,-38.32344,5.11,A
91918,281.08066,-35.64199,4.86,B
91919,281.08476,39.67012,4.67,F
91926,281.09492,39.61272,4.59,A
91971,281.19313,37.60511,4.34,A
91975,281.20808,2.06004,5.02,B
91989,281.23815,-39.68619,5.40,K
92024,281.36197,-64.87126,4.78,A
92041,281.41410,-26.99078,3.17,B
92043,281.41553,20.54631,4.19,F
92056,281.44484,74.08555,5.25,K
92088,281.51866,26.66213,4.83,K
92111,281.58587,-22.39218,5.37,K
92112,281.59274,75.43396,5.37,A
92161,281.75529,18.18152,4.34,A
92175,281.79363,-4.74787,4.22,G
92202,281.87062,-5.70515,5.38,K
92226,281.93589,-40.40617,5.20,G
92308,282.21036,-43.68005,5.46,A
92390,282.41710,-20.32466,5.22,K
92405,282.47049,32.55106,5.22,A
92420,282.51998,33.36267,3.52,A
92512,282.80022,59.38835,4.63,K
92609,283.05432,-62.18759,4.22,B
92614,283.06845,21.42514,5.43,B
92646,283.16512,-52.10737,5.18,G
92689,283.30644,50.70822,4.92,G
92761,283.54240,-22.74483,4.86,K
92782,283.59915,71.29719,4.82,K
92791,283.62618,36.89861,4.22,M
92814,283.67964,-15.60304,5.08,B
92818,283.68702,22.64508,4.57,G
92824,283.69845,-87.60584,5.29,K
92831,283.71741,41.60272,5.46,G
92845,283.77973,-22.67133,5.00,K
92855,283.81635,-26.29672,2.05,B
92862,283.83373,43.94609,4.08,M
92946,284.05492,4.20359,4.62,A
92951,284.06101,4.20213,4.98,A
92953,284.07066,-42.71068,5.35,G
92989,284.16873,-37.34324,5.36,B
93015,284.23765,-67.23350,4.40,F
93017,284.25662,32.90127,5.20,G
93026,284.26529,-5.84631,4.83,K
93057,284.33532,-20.65635,5.02,B
93085,284.43250,-21.10665,3.52,G
93124,284.56145,17.36091,5.33,F
93148,284.61567,-52.93863,4.85,A
93163,284.65218,-60.20055,5.14,K
93174,284.68081,-37.10736,4.83,F
93194,284.73593,32.68956,3.25,B
93203,284.77392,13.62224,5.27,F
93244,284.90566,15.06830,4.02,K
93256,284.93949,26.23040,5.26,K
93279,285.00344,32.14551,4.94,K
93299,285.05698,50.53347,5.39,B
93408,285.35986,46.93481,5.00,A
93429,285.42012,-5.73911,4.02,K
93506,285.65298,-29.88011,2.60,A
93526,285.72708,-3.69899,5.40,A
93542,285.77860,-42.09510,4.74,A
93667,286.10440,-31.04708,5.49,A
93683,286.17075,-21.74150,3.76,K
93713,286.22986,53.39665,5.40,A
93717,286.24030,-4.03142,5.40,K
93747,286.35253,13.86348,2.99,A
93805,286.56225,-4.88255,3.43,B
93815,286.58310,-52.34091,5.17,F
93825,286.60457,-37.06344,4.23,F
93864,286.73505,-27.67042,3.32,K
93867,286.74418,11.07123,5.07,B
93903,286.82554,36.10016,5.25,B
93917,286.85654,32.50174,5.20,F
94005,287.08734,-40.49670,4.57,K
94068,287.24964,6.07321,5.23,F
94083,287.29074,76.56050,5.11,A
94114,287.36804,-37.90447,4.11,A
94141,287.44097,-21.02361,2.88,F
94150,287.46963,-68.42445,5.31,G
94160,287.50731,-39.34080,4.10,K
94302,287.91896,56.85921,5.13,G
94376,288.13837,67.66154,3.07,G
94385,288.16963,-7.93952,5.35,B
94477,288.42794,2.29371,5.14,B
94481,288.43953,39.14597,4.43,B
94490,288.47980,57.70510,5.00,K
94643,288.88511,-25.25668,4.86,K
94648,288.88844,73.35547,4.45,K
94703,289.05433,21.39043,4.76,B
94712,289.09059,-45.46603,5.38,K
94713,289.09206,38.13373,4.35,K
94779,289.27560,53.36846,3.80,K
94820,289.40867,-18.95291,4.88,K
94827,289.43181,23.02554,5.46,B
94834,289.45416,11.59542,5.28,F
94885,289.63539,1.08513,5.10,K
95066,290.13709,-5.41577,4.98,G
95073,290.14869,-0.89216,5.46,B
95081,290.16701,65.71453,4.60,A
95168,290.41816,-17.84720,3.92,F
95176,290.43176,-15.95502,4.52,F
95241,290.65955,-44.45896,3.96,B
95260,290.71202,26.26240,5.22,B
95261,290.71332,-54.42393,5.03,A
95294,290.80464,-44.79978,4.27,F
95347,290.97154,-40.61594,3.96,B
95372,291.03157,29.62134,4.99,B
95447,291.24246,11.94441,5.17,G
95477,291.31871,-24.50858,5.02,A
95498,291.36916,19.79837,5.14,K
95501,291.37458,3.11477,3.36,F
95503,291.37359,-23.96246,5.45,K
95556,291.53802,36.31790,5.17,B
95585,291.62954,0.33857,4.64,F
95771,292.17640,24.66491,4.44,M
95853,292.42647,51.72978,3.76,A
95865,292.46743,-26.98561,5.46,K
95937,292.66599,-2.78889,5.03,M
95947,292.68034,27.95968,3.05,K
95951,292.68915,27.96528,5.12,B
96052,292.94301,34.45297,4.74,B
96100,293.08723,69.66118,4.67,K
96229,293.52229,7.37894,4.45,K
96275,293.64540,19.77340,5.00,B
96288,293.67190,42.41251,5.34,A
96302,293.71220,29.46295,5.39,A
96327,293.78024,-10.56044,5.12,G
96341,293.80413,-48.09920,4.88,G
96406,294.00689,-24.71908,5.64,A
96441,294.11058,50.22110,4.49,F
96459,294.15833,44.69494,5.17,K
96465,294.17679,-24.88362,4.59,B
96468,294.18033,-1.28660,4.36,B
96483,294.22271,-7.02748,4.93,B
96536,294.39341,-14.30180,5.46,F
96556,294.44715,-4.64764,5.45,F
96665,294.79851,5.39777,5.18,B
96683,294.84419,30.15332,4.68,G
96693,294.86034,42.81828,5.41,B
96757,295.02413,18.01389,4.39,G
96808,295.18075,-16.29327,5.30,K
96825,295.20901,45.52494,5.06,F
96837,295.26225,17.47604,4.39,G
96950,295.62972,-16.12400,5.06,F
96957,295.64171,11.82658,5.28,F
97063,295.88970,-15.47011,5.49,F
97077,295.92885,25.77193,5.50,G
97118,296.06915,37.35435,4.89,G
97165,296.24361,45.13081,2.86,B
97278,296.56491,10.61326,2.72,K
97290,296.59060,-19.76111,4.87,K
97295,296.60665,33.72760,5.00,F
97365,296.84692,18.53429,3.68,M
97421,297.00482,-56.36261,5.33,A
97433,297.04275,70.26793,3.84,G
97496,297.24441,19.14204,5.01,A
97534,297.35541,-72.50338,5.39,A
97630,297.64164,38.72242,5.18,M
97635,297.65720,52.98800,5.03,K
97646,297.68662,-59.19367,5.41,A
97649,297.69582,8.86832,0.76,A
97650,297.69493,-10.76351,5.38,F
97675,297.75684,10.41573,5.12,F
97679,297.76711,22.61005,4.90,B
97749,297.96084,-39.87437,5.32,A
97804,298.11820,1.00566,3.87,F
97870,298.32240,57.52348,5.14,B
97886,298.36539,24.07961,4.57,B
97938,298.56201,8.46145,4.71,K
98032,298.81539,-41.86829,4.12,K
98036,298.82831,6.40676,3.71,G
98055,298.90751,52.43895,4.91,A
98066,298.95977,-26.29951,4.70,G
98068,298.96568,38.48671,4.95,B
98073,298.98077,58.84597,4.98,K
98103,299.05938,11.42372,5.28,A
98110,299.07657,35.08342,3.89,K
98162,299.23680,-27.16990,4.54,K
98174,299.27623,-58.90135,5.24,B
98194,299.30778,40.36782,5.46,B
98258,299.48763,-15.49149,5.01,A
98337,299.68928,19.49215,3.51,K
98353,299.73833,-26.19577,4.84,G
98412,299.93408,-35.27631,4.37,B
98421,299.96393,-34.69780,5.30,A
98425,299.97997,37.04288,5.15,B
98438,300.01378,17.51651,5.33,M
98495,300.14767,-72.91050,3.97,A
98543,300.27519,27.75357,4.66,A
98571,300.33983,50.10469,5.06,K
98583,300.36891,64.82097,5.22,M
98608,300.43640,-59.37589,4.95,M
98624,300.46845,-66.94397,5.32,K
98636,300.50595,24.93804,5.23,F
98688,300.66448,-27.70985,4.43,M
98702,300.70440,67.87356,4.51,K
98761,300.88936,-37.94070,4.77,K
98842,301.08162,-32.05630,4.99,K
98920,301.28955,19.99107,5.09,K
98962,301.38666,61.99542,5.40,K
99031,301.59082,35.97247,5.38,K
99080,301.72253,23.61443,5.08,B
99120,301.84650,-52.88079,4.93,M
99240,302.17736,-66.18207,3.55,G
99255,302.22217,77.71142,4.38,B
99303,302.35674,36.83962,4.93,B
99461,302.79948,-36.10121,5.32,K
99473,302.82619,-0.82146,3.24,B
99631,303.30784,-1.00934,5.44,K
99639,303.32520,46.81567,4.80,A
99655,303.34932,56.56772,4.28,A
99675,303.40794,46.74133,3.80,K
99738,303.56054,28.69482,5.19,A
99742,303.56923,15.19761,4.94,A
99770,303.63343,36.80630,4.93,A
99824,303.81623,25.59196,4.79,B
99848,303.86801,47.71421,3.96,K
99853,303.87600,23.50891,5.18,G
99874,303.94224,27.81424,4.50,K
99951,304.19619,24.67110,5.30,G
99968,304.23036,40.36507,5.27,K
100027,304.41195,-12.50821,4.30,G
100044,304.44667,38.03293,4.77,B
100064,304.51356,-12.54485,3.58,G
100122,304.66280,34.98277,5.14,F
100195,304.84834,-19.11853,5.28,K
100310,305.16589,-12.75908,4.77,B
100345,305.25280,-14.78137,3.05,A
100435,305.51430,24.44610,5.50,B
100453,305.55710,40.25668,2.23,F
100541,305.79456,5.34299,5.30,G
100587,305.96506,32.19017,4.43,K
100751,306.41188,-56.73509,1.94,B
100881,306.83004,-18.21172,5.08,B
100965,307.06031,81.42271,5.38,G
101027,307.21506,-17.81369,4.77,F
101076,307.34889,30.36856,4.01,F
101093,307.39522,62.99410,4.21,A
101101,307.41251,-2.88553,4.91,K
101138,307.51475,48.95157,4.94,B
101243,307.82840,49.22030,5.44,M
101260,307.87668,74.95462,5.18,A
101421,308.30320,11.30326,4.03,B
101474,308.47578,35.25085,4.61,K
101477,308.47946,-44.51605,5.12,K
101483,308.48767,13.02726,5.39,A
101589,308.82723,14.67421,4.64,A
101612,308.89504,-60.58175,4.75,F
101692,309.18180,-2.54996,4.91,K
101769,309.38724,14.59509,3.64,F
101772,309.39174,-47.29150,3.11,K
101773,309.39697,-61.52992,4.86,F
101800,309.45466,11.37768,5.42,A
101847,309.58451,-1.10512,4.31,G
101867,309.63057,21.20117,4.81,A
101868,309.63297,24.11596,5.06,B
101916,309.78242,10.08620,5.07,G
101923,309.81799,-14.95476,5.24,B
101936,309.85371,0.48645,5.15,K
101958,309.90952,15.91207,3.77,B
101983,310.01020,-60.54889,5.11,F
101984,310.01227,-18.13866,5.15,M
102014,310.08261,-33.43184,5.47,K
102098,310.35798,45.28034,1.25,A
102157,310.48779,-66.76068,5.14,B
102177,310.55262,50.34003,5.41,B
102281,310.86473,15.07458,4.43,A
102333,311.00949,-51.92097,4.51,A
102388,311.21878,25.27062,4.92,K
102395,311.23971,-66.20321,3.42,A
102422,311.32216,61.83878,3.41,K
102431,311.33817,57.57973,4.52,F
102453,311.41565,30.71972,4.22,K
102485,311.52390,-25.27090,4.13,F
102488,311.55267,33.97026,2.48,K
102497,311.58357,-39.19926,5.48,B
102531,311.66193,16.12413,5.15,A
102532,311.66460,16.12430,4.27,K
102571,311.79478,34.37412,4.93,K
102589,311.85224,36.49072,4.53,B
102599,311.88975,80.55226,5.36,K
102618,311.91897,-9.49578,3.78,A
102624,311.93432,-5.02770,4.43,M
102693,312.12126,-43.98854,5.11,F
102724,312.23456,46.11413,4.81,B
102773,312.32599,-68.77652,5.41,K
102790,312.37063,-46.22683,4.90,K
102831,312.49200,-33.77972,4.89,G
102843,312.52042,44.05930,5.06,A
102950,312.87520,-51.60818,5.06,K
102978,312.95538,-26.91913,4.12,K
103004,313.03202,27.09698,4.56,G
103045,313.16348,-8.98332,4.73,A
103089,313.31146,44.38726,4.80,B
103094,313.32735,45.18167,5.48,K
103127,313.41741,-39.80987,5.34,K
103145,313.47456,33.43789,5.47,K
103200,313.64016,28.05762,5.03,K
103227,313.70247,-58.45416,3.67,K
103294,313.90287,13.72154,5.19,K
103401,314.22511,-9.69754,5.49,K
103413,314.29339,41.16714,3.94,A
103511,314.56814,22.32591,5.30,K
103569,314.76866,4.29348,5.30,F
103571,314.77130,4.29461,5.24,G
103632,314.95647,47.52095,4.74,B
103732,315.29553,46.15577,5.38,B
103738,315.32275,-32.25777,4.67,G
103882,315.74149,-38.63145,5.32,F
104019,316.10125,-19.85499,4.82,A
104043,316.17931,-77.02377,5.13,F
104060,316.23276,43.92785,3.72,K
104085,316.30935,-54.72704,5.17,K
104139,316.48677,-17.23286,4.08,A
104174,316.60282,-32.34162,5.20,K
104194,316.65039,47.64840,4.56,K
104214,316.72191,38.74941,5.20,K
104234,316.78196,-25.00585,4.49,K
104365,317.14009,-21.19367,5.30,A
104382,317.19178,-88.95650,5.45,F
104459,317.39853,-11.37169,4.50,G
104521,317.58541,10.13158,4.70,F
104732,318.23410,30.22692,3.21,G
104738,318.26265,-39.42492,5.25,F
104750,318.32218,-27.61933,5.41,K
104755,318.33526,-70.12627,5.06,M
104858,318.62006,10.00698,4.47,F
104887,318.69776,38.04532,3.74,F
104963,318.90792,-20.65170,5.17,K
104974,318.93684,-15.17150,5.31,M
104987,318.95596,5.24784,3.92,G
105102,319.35398,39.39468,4.22,B
105138,319.47948,34.89690,4.41,B
105140,319.48449,-32.17254,4.71,A
105143,319.48869,-17.98514,5.40,B
105186,319.61327,43.94595,5.04,O
105199,319.64445,62.58557,2.45,A
105268,319.84257,64.87185,5.19,B
105319,319.96644,-53.44943,4.39,A
105382,320.19012,-40.80947,4.80,A
105502,320.52165,19.80451,4.08,K
105515,320.56164,-16.83454,4.28,G
105570,320.72339,6.81114,5.16,A
105665,321.03997,-20.85187,5.38,K
105668,321.04788,-12.87811,5.48,F
105767,321.32065,-3.55675,5.48,K
105858,321.61058,-65.36620,4.21,F
105881,321.66678,-22.41133,3.77,G
105898,321.71502,48.83517,5.29,A
105913,321.75681,-42.54793,5.50,A
105942,321.83902,37.11680,5.30,B
105966,321.91689,27.60859,5.39,A
105972,321.94230,66.80910,5.42,B
106032,322.16493,70.56072,3.23,B
106039,322.18081,-21.80718,4.50,K
106044,322.18681,-69.50539,5.47,M
106093,322.36224,46.54059,5.22,K
106140,322.48705,23.63884,4.52,M
106278,322.88973,-5.57117,2.90,G
106327,323.02447,-41.17931,5.29,K
106481,323.49525,45.59184,3.98,G
106551,323.69394,38.53405,4.87,K
106711,324.23740,40.41352,5.04,A
106723,324.27012,-19.46601,4.51,B
106786,324.43796,-7.85420,4.68,A
106787,324.43928,19.31861,5.46,F
106801,324.48011,62.08194,4.76,B
106944,324.88860,2.24356,5.10,K
106985,325.02272,-16.66231,3.69,A
106999,325.04623,43.27384,5.09,M
107089,325.36879,-77.39005,3.73,K
107095,325.38693,-14.04761,5.16,G
107119,325.47978,71.31142,4.55,K
107128,325.50288,-23.26286,5.24,K
107136,325.52360,51.18962,4.69,B
107151,325.56438,5.68014,5.30,M
107188,325.66459,-18.86632,4.72,G
107230,325.76709,72.32008,5.18,K
107259,325.87691,58.78005,4.23,M
107310,326.03565,28.74263,4.49,F
107315,326.04650,9.87501,2.38,K
107348,326.12790,17.35002,4.34,G
107354,326.16138,25.64504,4.14,F
107380,326.23669,-33.02578,4.35,B
107382,326.25106,-9.08243,5.10,G
107418,326.36220,61.12081,4.25,A
107472,326.51819,22.94888,5.29,K
107533,326.69836,49.30957,4.23,B
107556,326.76016,-16.12729,2.85,A
107608,326.93397,-30.89830,5.02,A
107763,327.46122,30.17422,5.07,A
107788,327.53623,17.28585,5.34,F
107843,327.72620,-82.71890,5.27,G
108022,328.26570,25.92514,5.09,B
108036,328.32402,-13.55177,5.08,F
108085,328.48212,-37.36485,3.00,B
108294,329.09488,-37.25366,5.45,A
108317,329.16310,63.62556,5.11,M
108431,329.47940,-54.99258,4.40,F
108535,329.81277,73.17990,5.04,F
108543,329.82460,-38.39510,5.50,K
108661,330.20926,-28.45374,5.43,B
108870,330.83229,-56.78598,4.69,K
108874,330.82851,-2.15536,4.74,B
108917,330.94702,64.62797,4.26,A
108924,330.97064,63.11992,5.26,M
108991,331.19759,-0.90634,5.29,A
109005,331.25204,62.78567,5.27,K
109017,331.28663,62.27981,5.07,O
109068,331.41980,5.05853,4.86,K
109074,331.44599,-0.31985,2.95,G
109102,331.50814,45.01435,5.09,K
109111,331.52871,-39.54335,4.47,M
109139,331.60929,-13.86968,4.29,B
109176,331.75270,25.34511,3.77,F
109268,332.05813,-46.96097,1.73,B
109285,332.09583,-32.98847,4.50,A
109289,332.10805,-34.04384,4.99,K
109352,332.30683,33.17234,5.58,G
109400,332.45162,72.34121,4.79,G
109404,332.48209,-34.01497,5.37,A
109410,332.49686,33.17822,4.28,F
109422,332.53640,-32.54841,4.94,F
109427,332.54994,6.19787,3.52,A
109472,332.65617,-11.56494,5.43,B
109492,332.71362,58.20126,3.39,K
109521,332.79104,50.82339,5.38,A
109556,332.87742,59.41449,5.05,O
109572,332.95272,56.83936,5.24,F
109592,333.00840,60.75910,5.37,K
109654,333.19926,34.60459,5.34,K
109693,333.29252,86.10796,5.27,B
109754,333.46968,39.71493,4.50,K
109786,333.57513,-21.07457,5.33,K
109789,333.57813,-27.76691,5.45,B
109857,333.75816,57.04359,4.18,F
109908,333.90380,-41.34670,4.79,G
109937,333.99240,37.74874,4.14,K
109973,334.11068,-41.62723,5.11,G
110000,334.20018,-12.83144,5.34,K
110003,334.20847,-7.78329,4.17,G
110078,334.46113,-77.51155,5.49,F
110109,334.56434,-53.62707,5.36,G
110130,334.62556,-60.25959,2.87,K
110256,335.00631,-80.43975,5.09,M
110273,335.04964,-7.82110,5.35,B
110298,335.11491,5.78950,5.37,B
110351,335.25642,46.53657,4.55,B
110371,335.33058,28.33053,4.78,B
110386,335.37948,12.20519,4.82,B
110391,335.39820,-21.59823,5.12,K
110395,335.41407,-1.38733,3.86,A
110538,335.89013,52.22905,4.42,G
110609,336.12913,49.47639,4.55,B
110618,336.14646,-72.25541,5.28,A
110649,336.23457,-57.79742,5.31,F
110672,336.31926,1.37740,4.80,B
110725,336.50331,70.77090,5.47,K
110838,336.83297,-64.96635,4.51,B
110882,336.96468,4.69566,4.78,K
110936,337.16336,-39.13179,5.47,G
110960,337.20797,-0.01997,3.65,F
110991,337.29275,58.41520,4.07,G
110997,337.31738,-43.49556,3.97,G
111022,337.38260,47.70689,4.34,M
111043,337.43932,-43.74922,4.12,M
111056,337.47071,78.82429,5.45,A
111104,337.62192,43.12338,4.52,B
111123,337.66173,-10.67795,4.82,A
111169,337.82272,50.28249,3.76,A
111188,337.87635,-32.34607,4.29,A
111310,338.25015,-61.98212,4.91,M
111449,338.67345,-20.70822,5.21,F
111497,338.83908,-0.11750,4.04,B
111532,338.94116,73.64319,5.08,F
111674,339.34348,51.54512,4.64,A
111710,339.43910,-4.22806,5.04,K
111795,339.65790,56.79563,5.11,M
111797,339.66273,63.58447,5.19,A
111841,339.81532,39.05027,4.89,O
111944,340.12849,44.27631,4.50,K
111954,340.16391,-27.04362,4.18,B
112029,340.36550,10.83136,3.41,B
112031,340.36938,40.22545,5.25,B
112051,340.43921,29.30764,4.80,A
112122,340.66672,-46.88458,2.07,M
112158,340.75056,30.22124,2.93,G
112203,340.87490,-41.41435,4.84,K
112211,340.89681,-18.83038,4.68,K
112242,341.02284,41.81923,5.11,K
112374,341.40778,-53.50012,4.84,K
112405,341.51538,-81.38161,4.13,A
112440,341.63281,23.56565,3.97,G
112447,341.67324,12.17289,4.20,F
112519,341.87067,83.15383,4.77,K
112529,341.88803,-19.61338,5.24,G
112623,342.13859,-51.31686,3.49,A
112716,342.39792,-13.59263,4.05,K
112724,342.42030,66.20041,3.50,K
112731,342.44281,55.90278,5.43,K
112748,342.50077,24.60158,3.51,M
112781,342.59483,-80.12385,5.32,B
112832,342.75898,-39.15683,5.43,K
112917,343.00838,43.31242,4.95,M
112935,343.10030,9.83566,5.16,F
112948,343.13140,-32.87550,4.46,A
112961,343.15365,-7.57960,3.73,M
113116,343.60183,84.34618,4.70,K
113136,343.66255,-15.82082,3.27,A
113186,343.80696,8.81617,4.91,A
113246,343.98708,-32.53963,4.20,G
113288,344.10832,49.73354,4.99,K
113327,344.26875,48.68407,5.34,B
113357,344.36655,20.76883,5.45,G
113368,344.41257,-29.62224,1.17,A
113521,344.86440,0.96293,5.43,K
113561,345.02125,56.94537,5.10,G
113638,345.22015,-52.75414,4.11,G
113726,345.48025,42.32598,3.62,B
113788,345.65154,42.75780,5.09,A
113860,345.87420,-34.74941,5.12,A
113864,345.88692,67.20921,5.25,K
113881,345.94351,28.08279,2.44,M
113889,345.96922,3.82004,4.48,B
113919,346.04553,50.05209,4.64,K
113957,346.16502,-53.96491,5.37,K
113963,346.19022,15.20526,2.49,B
113996,346.29078,-7.69380,5.44,F
114104,346.65339,59.41976,4.84,B
114119,346.67017,-23.74311,4.48,G
114131,346.71975,-43.52036,4.28,F
114144,346.75108,9.40949,4.54,M
114155,346.77808,25.46826,4.76,K
114200,346.91363,46.38723,5.30,K
114222,346.97435,75.38750,4.41,G
114273,347.17050,2.12788,5.42,G
114341,347.36165,-21.17241,3.68,K
114347,347.38107,8.67716,5.05,M
114375,347.47873,-22.45761,4.71,A
114389,347.50608,9.82208,5.39,B
114421,347.58960,-45.24671,3.88,K
114520,347.93412,8.72012,5.15,A
114570,348.13740,49.40621,4.53,F
114724,348.58066,-6.04900,4.22,M
114855,348.97289,-9.08774,4.24,K
114939,349.21225,-7.72650,4.93,M
114971,349.29141,3.28229,3.70,G
114996,349.35747,-58.23573,3.99,F
115022,349.43598,49.01530,4.82,M
115033,349.47590,-9.18251,4.41,B
115088,349.65600,68.11145,4.75,K
115102,349.70599,-32.53203,4.41,K
115115,349.74032,-9.61075,4.99,A
115126,349.77777,-13.45855,5.20,G
115152,349.87417,48.62532,5.44,K
115227,350.08577,5.38131,5.05,K
115250,350.15934,23.74034,4.58,A
115355,350.47888,31.81246,5.35,B
115404,350.66321,-15.03934,5.19,A
115438,350.74263,-20.10058,3.96,K
115444,350.76903,12.31391,5.09,K
115590,351.20938,62.28281,4.96,M
115623,351.34490,23.40410,4.42,F
115669,351.51162,-20.64201,4.38,K
115738,351.73314,1.25561,4.95,A
115830,351.99207,6.37899,4.27,K
115836,352.01490,-87.48221,5.50,K
115919,352.28872,12.76055,4.54,G
115990,352.50804,58.54892,4.89,B
116076,352.82235,39.23620,5.22,K
116231,353.24268,-37.81827,4.38,B
116247,353.31927,-20.91450,4.70,A
116264,353.36706,22.49877,5.33,M
116310,353.48826,31.32528,4.97,K
116389,353.76898,-42.61507,4.69,A
116584,354.39084,46.45815,3.81,G
116602,354.46240,-45.49235,4.74,A
116611,354.48667,18.40067,5.49,A
116631,354.53415,43.26807,4.29,B
116709,354.78474,50.47173,5.35,B
116727,354.83730,77.63228,3.21,K
116758,354.94611,-14.22218,4.97,A
116771,354.98766,5.62629,4.13,F
116805,355.10204,44.33393,4.15,B
116820,355.15899,-32.07312,5.30,K
116889,355.39371,-18.02708,5.36,K
116901,355.44085,-17.81653,4.82,G
116928,355.51168,1.78004,4.49,A
116957,355.61594,-15.44803,5.27,K
116971,355.68059,-14.54490,4.49,B
117020,355.84317,10.33154,5.09,M
117073,355.99784,29.36145,4.93,K
117089,356.05032,-18.27694,5.24,B
117218,356.50383,-18.67834,5.28,F
117221,356.50851,46.42028,4.97,G
117245,356.59799,3.48681,4.95,C
117301,356.76426,58.65199,4.88,K
117315,356.81664,-50.22646,5.18,B
117371,356.97814,67.80681,5.05,A
117375,356.98560,-2.76160,5.49,G
117447,357.20905,62.21452,5.43,A
117452,357.23140,-28.13027,4.59,A
117629,357.83891,-18.90916,5.17,A
117689,358.02777,-82.01882,5.10,G
117718,358.12203,19.12029,5.06,M
117730,358.15461,10.94732,5.30,A
117863,358.59597,57.49938,4.51,F
118121,359.39591,-64.29823,5.00,A
118131,359.43971,25.14140,4.63,M
118209,359.66824,-3.55598,4.88,G
118234,359.73233,-52.74581,5.13,K
118243,359.75223,55.75493,4.88,B
118268,359.82788,6.86332,4.03,F
118322,359.97891,-65.57713,4.49,B
